"lifeExp","year","continent","gdpPercap","pop"
28.801,1952,"Asia",779.4453145,8425333
30.332,1957,"Asia",820.8530296,9240934
31.997,1962,"Asia",853.10071,10267083
34.02,1967,"Asia",836.1971382,11537966
36.088,1972,"Asia",739.9811058,13079460
38.438,1977,"Asia",786.11336,14880372
39.854,1982,"Asia",978.0114388,12881816
40.822,1987,"Asia",852.3959448,13867957
41.674,1992,"Asia",649.3413952,16317921
41.763,1997,"Asia",635.341351,22227415
42.129,2002,"Asia",726.7340548,25268405
43.828,2007,"Asia",974.5803384,31889923
55.23,1952,"Europe",1601.056136,1282697
59.28,1957,"Europe",1942.284244,1476505
64.82,1962,"Europe",2312.888958,1728137
66.22,1967,"Europe",2760.196931,1984060
67.69,1972,"Europe",3313.422188,2263554
68.93,1977,"Europe",3533.00391,2509048
70.42,1982,"Europe",3630.880722,2780097
72,1987,"Europe",3738.932735,3075321
71.581,1992,"Europe",2497.437901,3326498
72.95,1997,"Europe",3193.054604,3428038
75.651,2002,"Europe",4604.211737,3508512
76.423,2007,"Europe",5937.029526,3600523
43.077,1952,"Africa",2449.008185,9279525
45.685,1957,"Africa",3013.976023,10270856
48.303,1962,"Africa",2550.81688,11000948
51.407,1967,"Africa",3246.991771,12760499
54.518,1972,"Africa",4182.663766,14760787
58.014,1977,"Africa",4910.416756,17152804
61.368,1982,"Africa",5745.160213,20033753
65.799,1987,"Africa",5681.358539,23254956
67.744,1992,"Africa",5023.216647,26298373
69.152,1997,"Africa",4797.295051,29072015
70.994,2002,"Africa",5288.040382,31287142
72.301,2007,"Africa",6223.367465,33333216
30.015,1952,"Africa",3520.610273,4232095
31.999,1957,"Africa",3827.940465,4561361
34,1962,"Africa",4269.276742,4826015
35.985,1967,"Africa",5522.776375,5247469
37.928,1972,"Africa",5473.288005,5894858
39.483,1977,"Africa",3008.647355,6162675
39.942,1982,"Africa",2756.953672,7016384
39.906,1987,"Africa",2430.208311,7874230
40.647,1992,"Africa",2627.845685,8735988
40.963,1997,"Africa",2277.140884,9875024
41.003,2002,"Africa",2773.287312,10866106
42.731,2007,"Africa",4797.231267,12420476
62.485,1952,"Americas",5911.315053,17876956
64.399,1957,"Americas",6856.856212,19610538
65.142,1962,"Americas",7133.166023,21283783
65.634,1967,"Americas",8052.953021,22934225
67.065,1972,"Americas",9443.038526,24779799
68.481,1977,"Americas",10079.02674,26983828
69.942,1982,"Americas",8997.897412,29341374
70.774,1987,"Americas",9139.671389,31620918
71.868,1992,"Americas",9308.41871,33958947
73.275,1997,"Americas",10967.28195,36203463
74.34,2002,"Americas",8797.640716,38331121
75.32,2007,"Americas",12779.37964,40301927
69.12,1952,"Oceania",10039.59564,8691212
70.33,1957,"Oceania",10949.64959,9712569
70.93,1962,"Oceania",12217.22686,10794968
71.1,1967,"Oceania",14526.12465,11872264
71.93,1972,"Oceania",16788.62948,13177000
73.49,1977,"Oceania",18334.19751,14074100
74.74,1982,"Oceania",19477.00928,15184200
76.32,1987,"Oceania",21888.88903,16257249
77.56,1992,"Oceania",23424.76683,17481977
78.83,1997,"Oceania",26997.93657,18565243
80.37,2002,"Oceania",30687.75473,19546792
81.235,2007,"Oceania",34435.36744,20434176
66.8,1952,"Europe",6137.076492,6927772
67.48,1957,"Europe",8842.59803,6965860
69.54,1962,"Europe",10750.72111,7129864
70.14,1967,"Europe",12834.6024,7376998
70.63,1972,"Europe",16661.6256,7544201
72.17,1977,"Europe",19749.4223,7568430
73.18,1982,"Europe",21597.08362,7574613
74.94,1987,"Europe",23687.82607,7578903
76.04,1992,"Europe",27042.01868,7914969
77.51,1997,"Europe",29095.92066,8069876
78.98,2002,"Europe",32417.60769,8148312
79.829,2007,"Europe",36126.4927,8199783
50.939,1952,"Asia",9867.084765,120447
53.832,1957,"Asia",11635.79945,138655
56.923,1962,"Asia",12753.27514,171863
59.923,1967,"Asia",14804.6727,202182
63.3,1972,"Asia",18268.65839,230800
65.593,1977,"Asia",19340.10196,297410
69.052,1982,"Asia",19211.14731,377967
70.75,1987,"Asia",18524.02406,454612
72.601,1992,"Asia",19035.57917,529491
73.925,1997,"Asia",20292.01679,598561
74.795,2002,"Asia",23403.55927,656397
75.635,2007,"Asia",29796.04834,708573
37.484,1952,"Asia",684.2441716,46886859
39.348,1957,"Asia",661.6374577,51365468
41.216,1962,"Asia",686.3415538,56839289
43.453,1967,"Asia",721.1860862,62821884
45.252,1972,"Asia",630.2336265,70759295
46.923,1977,"Asia",659.8772322,80428306
50.009,1982,"Asia",676.9818656,93074406
52.819,1987,"Asia",751.9794035,103764241
56.018,1992,"Asia",837.8101643,113704579
59.412,1997,"Asia",972.7700352,123315288
62.013,2002,"Asia",1136.39043,135656790
64.062,2007,"Asia",1391.253792,150448339
68,1952,"Europe",8343.105127,8730405
69.24,1957,"Europe",9714.960623,8989111
70.25,1962,"Europe",10991.20676,9218400
70.94,1967,"Europe",13149.04119,9556500
71.44,1972,"Europe",16672.14356,9709100
72.8,1977,"Europe",19117.97448,9821800
73.93,1982,"Europe",20979.84589,9856303
75.35,1987,"Europe",22525.56308,9870200
76.46,1992,"Europe",25575.57069,10045622
77.53,1997,"Europe",27561.19663,10199787
78.32,2002,"Europe",30485.88375,10311970
79.441,2007,"Europe",33692.60508,10392226
38.223,1952,"Africa",1062.7522,1738315
40.358,1957,"Africa",959.6010805,1925173
42.618,1962,"Africa",949.4990641,2151895
44.885,1967,"Africa",1035.831411,2427334
47.014,1972,"Africa",1085.796879,2761407
49.19,1977,"Africa",1029.161251,3168267
50.904,1982,"Africa",1277.897616,3641603
52.337,1987,"Africa",1225.85601,4243788
53.919,1992,"Africa",1191.207681,4981671
54.777,1997,"Africa",1232.975292,6066080
54.406,2002,"Africa",1372.877931,7026113
56.728,2007,"Africa",1441.284873,8078314
40.414,1952,"Americas",2677.326347,2883315
41.89,1957,"Americas",2127.686326,3211738
43.428,1962,"Americas",2180.972546,3593918
45.032,1967,"Americas",2586.886053,4040665
46.714,1972,"Americas",2980.331339,4565872
50.023,1977,"Americas",3548.097832,5079716
53.859,1982,"Americas",3156.510452,5642224
57.251,1987,"Americas",2753.69149,6156369
59.957,1992,"Americas",2961.699694,6893451
62.05,1997,"Americas",3326.143191,7693188
63.883,2002,"Americas",3413.26269,8445134
65.554,2007,"Americas",3822.137084,9119152
53.82,1952,"Europe",973.5331948,2791000
58.45,1957,"Europe",1353.989176,3076000
61.93,1962,"Europe",1709.683679,3349000
64.79,1967,"Europe",2172.352423,3585000
67.45,1972,"Europe",2860.16975,3819000
69.86,1977,"Europe",3528.481305,4086000
70.69,1982,"Europe",4126.613157,4172693
71.14,1987,"Europe",4314.114757,4338977
72.178,1992,"Europe",2546.781445,4256013
73.244,1997,"Europe",4766.355904,3607000
74.09,2002,"Europe",6018.975239,4165416
74.852,2007,"Europe",7446.298803,4552198
47.622,1952,"Africa",851.2411407,442308
49.618,1957,"Africa",918.2325349,474639
51.52,1962,"Africa",983.6539764,512764
53.298,1967,"Africa",1214.709294,553541
56.024,1972,"Africa",2263.611114,619351
59.319,1977,"Africa",3214.857818,781472
61.484,1982,"Africa",4551.14215,970347
63.622,1987,"Africa",6205.88385,1151184
62.745,1992,"Africa",7954.111645,1342614
52.556,1997,"Africa",8647.142313,1536536
46.634,2002,"Africa",11003.60508,1630347
50.728,2007,"Africa",12569.85177,1639131
50.917,1952,"Americas",2108.944355,56602560
53.285,1957,"Americas",2487.365989,65551171
55.665,1962,"Americas",3336.585802,76039390
57.632,1967,"Americas",3429.864357,88049823
59.504,1972,"Americas",4985.711467,100840058
61.489,1977,"Americas",6660.118654,114313951
63.336,1982,"Americas",7030.835878,128962939
65.205,1987,"Americas",7807.095818,142938076
67.057,1992,"Americas",6950.283021,155975974
69.388,1997,"Americas",7957.980824,168546719
71.006,2002,"Americas",8131.212843,179914212
72.39,2007,"Americas",9065.800825,190010647
59.6,1952,"Europe",2444.286648,7274900
66.61,1957,"Europe",3008.670727,7651254
69.51,1962,"Europe",4254.337839,8012946
70.42,1967,"Europe",5577.0028,8310226
70.9,1972,"Europe",6597.494398,8576200
70.81,1977,"Europe",7612.240438,8797022
71.08,1982,"Europe",8224.191647,8892098
71.34,1987,"Europe",8239.854824,8971958
71.19,1992,"Europe",6302.623438,8658506
70.32,1997,"Europe",5970.38876,8066057
72.14,2002,"Europe",7696.777725,7661799
73.005,2007,"Europe",10680.79282,7322858
31.975,1952,"Africa",543.2552413,4469979
34.906,1957,"Africa",617.1834648,4713416
37.814,1962,"Africa",722.5120206,4919632
40.697,1967,"Africa",794.8265597,5127935
43.591,1972,"Africa",854.7359763,5433886
46.137,1977,"Africa",743.3870368,5889574
48.122,1982,"Africa",807.1985855,6634596
49.557,1987,"Africa",912.0631417,7586551
50.26,1992,"Africa",931.7527731,8878303
50.324,1997,"Africa",946.2949618,10352843
50.65,2002,"Africa",1037.645221,12251209
52.295,2007,"Africa",1217.032994,14326203
39.031,1952,"Africa",339.2964587,2445618
40.533,1957,"Africa",379.5646281,2667518
42.045,1962,"Africa",355.2032273,2961915
43.548,1967,"Africa",412.9775136,3330989
44.057,1972,"Africa",464.0995039,3529983
45.91,1977,"Africa",556.1032651,3834415
47.471,1982,"Africa",559.603231,4580410
48.211,1987,"Africa",621.8188189,5126023
44.736,1992,"Africa",631.6998778,5809236
45.326,1997,"Africa",463.1151478,6121610
47.36,2002,"Africa",446.4035126,7021078
49.58,2007,"Africa",430.0706916,8390505
39.417,1952,"Asia",368.4692856,4693836
41.366,1957,"Asia",434.0383364,5322536
43.415,1962,"Asia",496.9136476,6083619
45.415,1967,"Asia",523.4323142,6960067
40.317,1972,"Asia",421.6240257,7450606
31.22,1977,"Asia",524.9721832,6978607
50.957,1982,"Asia",624.4754784,7272485
53.914,1987,"Asia",683.8955732,8371791
55.803,1992,"Asia",682.3031755,10150094
56.534,1997,"Asia",734.28517,11782962
56.752,2002,"Asia",896.2260153,12926707
59.723,2007,"Asia",1713.778686,14131858
38.523,1952,"Africa",1172.667655,5009067
40.428,1957,"Africa",1313.048099,5359923
42.643,1962,"Africa",1399.607441,5793633
44.799,1967,"Africa",1508.453148,6335506
47.049,1972,"Africa",1684.146528,7021028
49.355,1977,"Africa",1783.432873,7959865
52.961,1982,"Africa",2367.983282,9250831
54.985,1987,"Africa",2602.664206,10780667
54.314,1992,"Africa",1793.163278,12467171
52.199,1997,"Africa",1694.337469,14195809
49.856,2002,"Africa",1934.011449,15929988
50.43,2007,"Africa",2042.09524,17696293
68.75,1952,"Americas",11367.16112,14785584
69.96,1957,"Americas",12489.95006,17010154
71.3,1962,"Americas",13462.48555,18985849
72.13,1967,"Americas",16076.58803,20819767
72.88,1972,"Americas",18970.57086,22284500
74.21,1977,"Americas",22090.88306,23796400
75.76,1982,"Americas",22898.79214,25201900
76.86,1987,"Americas",26626.51503,26549700
77.95,1992,"Americas",26342.88426,28523502
78.61,1997,"Americas",28954.92589,30305843
79.77,2002,"Americas",33328.96507,31902268
80.653,2007,"Americas",36319.23501,33390141
35.463,1952,"Africa",1071.310713,1291695
37.464,1957,"Africa",1190.844328,1392284
39.475,1962,"Africa",1193.068753,1523478
41.478,1967,"Africa",1136.056615,1733638
43.457,1972,"Africa",1070.013275,1927260
46.775,1977,"Africa",1109.374338,2167533
48.295,1982,"Africa",956.7529907,2476971
50.485,1987,"Africa",844.8763504,2840009
49.396,1992,"Africa",747.9055252,3265124
46.066,1997,"Africa",740.5063317,3696513
43.308,2002,"Africa",738.6906068,4048013
44.741,2007,"Africa",706.016537,4369038
38.092,1952,"Africa",1178.665927,2682462
39.881,1957,"Africa",1308.495577,2894855
41.716,1962,"Africa",1389.817618,3150417
43.601,1967,"Africa",1196.810565,3495967
45.569,1972,"Africa",1104.103987,3899068
47.383,1977,"Africa",1133.98495,4388260
49.517,1982,"Africa",797.9081006,4875118
51.051,1987,"Africa",952.386129,5498955
51.724,1992,"Africa",1058.0643,6429417
51.573,1997,"Africa",1004.961353,7562011
50.525,2002,"Africa",1156.18186,8835739
50.651,2007,"Africa",1704.063724,10238807
54.745,1952,"Americas",3939.978789,6377619
56.074,1957,"Americas",4315.622723,7048426
57.924,1962,"Americas",4519.094331,7961258
60.523,1967,"Americas",5106.654313,8858908
63.441,1972,"Americas",5494.024437,9717524
67.052,1977,"Americas",4756.763836,10599793
70.565,1982,"Americas",5095.665738,11487112
72.492,1987,"Americas",5547.063754,12463354
74.126,1992,"Americas",7596.125964,13572994
75.816,1997,"Americas",10118.05318,14599929
77.86,2002,"Americas",10778.78385,15497046
78.553,2007,"Americas",13171.63885,16284741
44,1952,"Asia",400.448611,556263527
50.54896,1957,"Asia",575.9870009,637408000
44.50136,1962,"Asia",487.6740183,665770000
58.38112,1967,"Asia",612.7056934,754550000
63.11888,1972,"Asia",676.9000921,862030000
63.96736,1977,"Asia",741.2374699,943455000
65.525,1982,"Asia",962.4213805,1000281000
67.274,1987,"Asia",1378.904018,1084035000
68.69,1992,"Asia",1655.784158,1164970000
70.426,1997,"Asia",2289.234136,1230075000
72.028,2002,"Asia",3119.280896,1280400000
72.961,2007,"Asia",4959.114854,1318683096
50.643,1952,"Americas",2144.115096,12350771
55.118,1957,"Americas",2323.805581,14485993
57.863,1962,"Americas",2492.351109,17009885
59.963,1967,"Americas",2678.729839,19764027
61.623,1972,"Americas",3264.660041,22542890
63.837,1977,"Americas",3815.80787,25094412
66.653,1982,"Americas",4397.575659,27764644
67.768,1987,"Americas",4903.2191,30964245
68.421,1992,"Americas",5444.648617,34202721
70.313,1997,"Americas",6117.361746,37657830
71.682,2002,"Americas",5755.259962,41008227
72.889,2007,"Americas",7006.580419,44227550
40.715,1952,"Africa",1102.990936,153936
42.46,1957,"Africa",1211.148548,170928
44.467,1962,"Africa",1406.648278,191689
46.472,1967,"Africa",1876.029643,217378
48.944,1972,"Africa",1937.577675,250027
50.939,1977,"Africa",1172.603047,304739
52.933,1982,"Africa",1267.100083,348643
54.926,1987,"Africa",1315.980812,395114
57.939,1992,"Africa",1246.90737,454429
60.66,1997,"Africa",1173.618235,527982
62.974,2002,"Africa",1075.811558,614382
65.152,2007,"Africa",986.1478792,710960
39.143,1952,"Africa",780.5423257,14100005
40.652,1957,"Africa",905.8602303,15577932
42.122,1962,"Africa",896.3146335,17486434
44.056,1967,"Africa",861.5932424,19941073
45.989,1972,"Africa",904.8960685,23007669
47.804,1977,"Africa",795.757282,26480870
47.784,1982,"Africa",673.7478181,30646495
47.412,1987,"Africa",672.774812,35481645
45.548,1992,"Africa",457.7191807,41672143
42.587,1997,"Africa",312.188423,47798986
44.966,2002,"Africa",241.1658765,55379852
46.462,2007,"Africa",277.5518587,64606759
42.111,1952,"Africa",2125.621418,854885
45.053,1957,"Africa",2315.056572,940458
48.435,1962,"Africa",2464.783157,1047924
52.04,1967,"Africa",2677.939642,1179760
54.907,1972,"Africa",3213.152683,1340458
55.625,1977,"Africa",3259.178978,1536769
56.695,1982,"Africa",4879.507522,1774735
57.47,1987,"Africa",4201.194937,2064095
56.433,1992,"Africa",4016.239529,2409073
52.962,1997,"Africa",3484.164376,2800947
52.97,2002,"Africa",3484.06197,3328795
55.322,2007,"Africa",3632.557798,3800610
57.206,1952,"Americas",2627.009471,926317
60.026,1957,"Americas",2990.010802,1112300
62.842,1962,"Americas",3460.937025,1345187
65.424,1967,"Americas",4161.727834,1588717
67.849,1972,"Americas",5118.146939,1834796
70.75,1977,"Americas",5926.876967,2108457
73.45,1982,"Americas",5262.734751,2424367
74.752,1987,"Americas",5629.915318,2799811
75.713,1992,"Americas",6160.416317,3173216
77.26,1997,"Americas",6677.045314,3518107
78.123,2002,"Americas",7723.447195,3834934
78.782,2007,"Americas",9645.06142,4133884
40.477,1952,"Africa",1388.594732,2977019
42.469,1957,"Africa",1500.895925,3300000
44.93,1962,"Africa",1728.869428,3832408
47.35,1967,"Africa",2052.050473,4744870
49.801,1972,"Africa",2378.201111,6071696
52.374,1977,"Africa",2517.736547,7459574
53.983,1982,"Africa",2602.710169,9025951
54.655,1987,"Africa",2156.956069,10761098
52.044,1992,"Africa",1648.073791,12772596
47.991,1997,"Africa",1786.265407,14625967
46.832,2002,"Africa",1648.800823,16252726
48.328,2007,"Africa",1544.750112,18013409
61.21,1952,"Europe",3119.23652,3882229
64.77,1957,"Europe",4338.231617,3991242
67.13,1962,"Europe",5477.890018,4076557
68.5,1967,"Europe",6960.297861,4174366
69.61,1972,"Europe",9164.090127,4225310
70.64,1977,"Europe",11305.38517,4318673
70.46,1982,"Europe",13221.82184,4413368
71.52,1987,"Europe",13822.58394,4484310
72.527,1992,"Europe",8447.794873,4494013
73.68,1997,"Europe",9875.604515,4444595
74.876,2002,"Europe",11628.38895,4481020
75.748,2007,"Europe",14619.22272,4493312
59.421,1952,"Americas",5586.53878,6007797
62.325,1957,"Americas",6092.174359,6640752
65.246,1962,"Americas",5180.75591,7254373
68.29,1967,"Americas",5690.268015,8139332
70.723,1972,"Americas",5305.445256,8831348
72.649,1977,"Americas",6380.494966,9537988
73.717,1982,"Americas",7316.918107,9789224
74.174,1987,"Americas",7532.924763,10239839
74.414,1992,"Americas",5592.843963,10723260
76.151,1997,"Americas",5431.990415,10983007
77.158,2002,"Americas",6340.646683,11226999
78.273,2007,"Americas",8948.102923,11416987
66.87,1952,"Europe",6876.14025,9125183
69.03,1957,"Europe",8256.343918,9513758
69.9,1962,"Europe",10136.86713,9620282
70.38,1967,"Europe",11399.44489,9835109
70.29,1972,"Europe",13108.4536,9862158
70.71,1977,"Europe",14800.16062,10161915
70.96,1982,"Europe",15377.22855,10303704
71.58,1987,"Europe",16310.4434,10311597
72.4,1992,"Europe",14297.02122,10315702
74.01,1997,"Europe",16048.51424,10300707
75.51,2002,"Europe",17596.21022,10256295
76.486,2007,"Europe",22833.30851,10228744
70.78,1952,"Europe",9692.385245,4334000
71.81,1957,"Europe",11099.65935,4487831
72.35,1962,"Europe",13583.31351,4646899
72.96,1967,"Europe",15937.21123,4838800
73.47,1972,"Europe",18866.20721,4991596
74.69,1977,"Europe",20422.9015,5088419
74.63,1982,"Europe",21688.04048,5117810
74.8,1987,"Europe",25116.17581,5127024
75.33,1992,"Europe",26406.73985,5171393
76.11,1997,"Europe",29804.34567,5283663
77.18,2002,"Europe",32166.50006,5374693
78.332,2007,"Europe",35278.41874,5468120
34.812,1952,"Africa",2669.529475,63149
37.328,1957,"Africa",2864.969076,71851
39.693,1962,"Africa",3020.989263,89898
42.074,1967,"Africa",3020.050513,127617
44.366,1972,"Africa",3694.212352,178848
46.519,1977,"Africa",3081.761022,228694
48.812,1982,"Africa",2879.468067,305991
50.04,1987,"Africa",2880.102568,311025
51.604,1992,"Africa",2377.156192,384156
53.157,1997,"Africa",1895.016984,417908
53.373,2002,"Africa",1908.260867,447416
54.791,2007,"Africa",2082.481567,496374
45.928,1952,"Americas",1397.717137,2491346
49.828,1957,"Americas",1544.402995,2923186
53.459,1962,"Americas",1662.137359,3453434
56.751,1967,"Americas",1653.723003,4049146
59.631,1972,"Americas",2189.874499,4671329
61.788,1977,"Americas",2681.9889,5302800
63.727,1982,"Americas",2861.092386,5968349
66.046,1987,"Americas",2899.842175,6655297
68.457,1992,"Americas",3044.214214,7351181
69.957,1997,"Americas",3614.101285,7992357
70.847,2002,"Americas",4563.808154,8650322
72.235,2007,"Americas",6025.374752,9319622
48.357,1952,"Americas",3522.110717,3548753
51.356,1957,"Americas",3780.546651,4058385
54.64,1962,"Americas",4086.114078,4681707
56.678,1967,"Americas",4579.074215,5432424
58.796,1972,"Americas",5280.99471,6298651
61.31,1977,"Americas",6679.62326,7278866
64.342,1982,"Americas",7213.791267,8365850
67.231,1987,"Americas",6481.776993,9545158
69.613,1992,"Americas",7103.702595,10748394
72.312,1997,"Americas",7429.455877,11911819
74.173,2002,"Americas",5773.044512,12921234
74.994,2007,"Americas",6873.262326,13755680
41.893,1952,"Africa",1418.822445,22223309
44.444,1957,"Africa",1458.915272,25009741
46.992,1962,"Africa",1693.335853,28173309
49.293,1967,"Africa",1814.880728,31681188
51.137,1972,"Africa",2024.008147,34807417
53.319,1977,"Africa",2785.493582,38783863
56.006,1982,"Africa",3503.729636,45681811
59.797,1987,"Africa",3885.46071,52799062
63.674,1992,"Africa",3794.755195,59402198
67.217,1997,"Africa",4173.181797,66134291
69.806,2002,"Africa",4754.604414,73312559
71.338,2007,"Africa",5581.180998,80264543
45.262,1952,"Americas",3048.3029,2042865
48.57,1957,"Americas",3421.523218,2355805
52.307,1962,"Americas",3776.803627,2747687
55.855,1967,"Americas",4358.595393,3232927
58.207,1972,"Americas",4520.246008,3790903
56.696,1977,"Americas",5138.922374,4282586
56.604,1982,"Americas",4098.344175,4474873
63.154,1987,"Americas",4140.442097,4842194
66.798,1992,"Americas",4444.2317,5274649
69.535,1997,"Americas",5154.825496,5783439
70.734,2002,"Americas",5351.568666,6353681
71.878,2007,"Americas",5728.353514,6939688
34.482,1952,"Africa",375.6431231,216964
35.983,1957,"Africa",426.0964081,232922
37.485,1962,"Africa",582.8419714,249220
38.987,1967,"Africa",915.5960025,259864
40.516,1972,"Africa",672.4122571,277603
42.024,1977,"Africa",958.5668124,192675
43.662,1982,"Africa",927.8253427,285483
45.664,1987,"Africa",966.8968149,341244
47.545,1992,"Africa",1132.055034,387838
48.245,1997,"Africa",2814.480755,439971
49.348,2002,"Africa",7703.4959,495627
51.579,2007,"Africa",12154.08975,551201
35.928,1952,"Africa",328.9405571,1438760
38.047,1957,"Africa",344.1618859,1542611
40.158,1962,"Africa",380.9958433,1666618
42.189,1967,"Africa",468.7949699,1820319
44.142,1972,"Africa",514.3242082,2260187
44.535,1977,"Africa",505.7538077,2512642
43.89,1982,"Africa",524.8758493,2637297
46.453,1987,"Africa",521.1341333,2915959
49.991,1992,"Africa",582.8585102,3668440
53.378,1997,"Africa",913.47079,4058319
55.24,2002,"Africa",765.3500015,4414865
58.04,2007,"Africa",641.3695236,4906585
34.078,1952,"Africa",362.1462796,20860941
36.667,1957,"Africa",378.9041632,22815614
40.059,1962,"Africa",419.4564161,25145372
42.115,1967,"Africa",516.1186438,27860297
43.515,1972,"Africa",566.2439442,30770372
44.51,1977,"Africa",556.8083834,34617799
44.916,1982,"Africa",577.8607471,38111756
46.684,1987,"Africa",573.7413142,42999530
48.091,1992,"Africa",421.3534653,52088559
49.402,1997,"Africa",515.8894013,59861301
50.725,2002,"Africa",530.0535319,67946797
52.947,2007,"Africa",690.8055759,76511887
66.55,1952,"Europe",6424.519071,4090500
67.49,1957,"Europe",7545.415386,4324000
68.75,1962,"Europe",9371.842561,4491443
69.83,1967,"Europe",10921.63626,4605744
70.87,1972,"Europe",14358.8759,4639657
72.52,1977,"Europe",15605.42283,4738902
74.55,1982,"Europe",18533.15761,4826933
74.83,1987,"Europe",21141.01223,4931729
75.7,1992,"Europe",20647.16499,5041039
77.13,1997,"Europe",23723.9502,5134406
78.37,2002,"Europe",28204.59057,5193039
79.313,2007,"Europe",33207.0844,5238460
67.41,1952,"Europe",7029.809327,42459667
68.93,1957,"Europe",8662.834898,44310863
70.51,1962,"Europe",10560.48553,47124000
71.55,1967,"Europe",12999.91766,49569000
72.38,1972,"Europe",16107.19171,51732000
73.83,1977,"Europe",18292.63514,53165019
74.89,1982,"Europe",20293.89746,54433565
76.34,1987,"Europe",22066.44214,55630100
77.46,1992,"Europe",24703.79615,57374179
78.64,1997,"Europe",25889.78487,58623428
79.59,2002,"Europe",28926.03234,59925035
80.657,2007,"Europe",30470.0167,61083916
37.003,1952,"Africa",4293.476475,420702
38.999,1957,"Africa",4976.198099,434904
40.489,1962,"Africa",6631.459222,455661
44.598,1967,"Africa",8358.761987,489004
48.69,1972,"Africa",11401.94841,537977
52.79,1977,"Africa",21745.57328,706367
56.564,1982,"Africa",15113.36194,753874
60.19,1987,"Africa",11864.40844,880397
61.366,1992,"Africa",13522.15752,985739
60.461,1997,"Africa",14722.84188,1126189
56.761,2002,"Africa",12521.71392,1299304
56.735,2007,"Africa",13206.48452,1454867
30,1952,"Africa",485.2306591,284320
32.065,1957,"Africa",520.9267111,323150
33.896,1962,"Africa",599.650276,374020
35.857,1967,"Africa",734.7829124,439593
38.308,1972,"Africa",756.0868363,517101
41.842,1977,"Africa",884.7552507,608274
45.58,1982,"Africa",835.8096108,715523
49.265,1987,"Africa",611.6588611,848406
52.644,1992,"Africa",665.6244126,1025384
55.861,1997,"Africa",653.7301704,1235767
58.041,2002,"Africa",660.5855997,1457766
59.448,2007,"Africa",752.7497265,1688359
67.5,1952,"Europe",7144.114393,69145952
69.1,1957,"Europe",10187.82665,71019069
70.3,1962,"Europe",12902.46291,73739117
70.8,1967,"Europe",14745.62561,76368453
71,1972,"Europe",18016.18027,78717088
72.5,1977,"Europe",20512.92123,78160773
73.8,1982,"Europe",22031.53274,78335266
74.847,1987,"Europe",24639.18566,77718298
76.07,1992,"Europe",26505.30317,80597764
77.34,1997,"Europe",27788.88416,82011073
78.67,2002,"Europe",30035.80198,82350671
79.406,2007,"Europe",32170.37442,82400996
43.149,1952,"Africa",911.2989371,5581001
44.779,1957,"Africa",1043.561537,6391288
46.452,1962,"Africa",1190.041118,7355248
48.072,1967,"Africa",1125.69716,8490213
49.875,1972,"Africa",1178.223708,9354120
51.756,1977,"Africa",993.2239571,10538093
53.744,1982,"Africa",876.032569,11400338
55.729,1987,"Africa",847.0061135,14168101
57.501,1992,"Africa",925.060154,16278738
58.556,1997,"Africa",1005.245812,18418288
58.453,2002,"Africa",1111.984578,20550751
60.022,2007,"Africa",1327.60891,22873338
65.86,1952,"Europe",3530.690067,7733250
67.86,1957,"Europe",4916.299889,8096218
69.51,1962,"Europe",6017.190733,8448233
71,1967,"Europe",8513.097016,8716441
72.34,1972,"Europe",12724.82957,8888628
73.68,1977,"Europe",14195.52428,9308479
75.24,1982,"Europe",15268.42089,9786480
76.67,1987,"Europe",16120.52839,9974490
77.03,1992,"Europe",17541.49634,10325429
77.869,1997,"Europe",18747.69814,10502372
78.256,2002,"Europe",22514.2548,10603863
79.483,2007,"Europe",27538.41188,10706290
42.023,1952,"Americas",2428.237769,3146381
44.142,1957,"Americas",2617.155967,3640876
46.954,1962,"Americas",2750.364446,4208858
50.016,1967,"Americas",3242.531147,4690773
53.738,1972,"Americas",4031.408271,5149581
56.029,1977,"Americas",4879.992748,5703430
58.137,1982,"Americas",4820.49479,6395630
60.782,1987,"Americas",4246.485974,7326406
63.373,1992,"Americas",4439.45084,8486949
66.322,1997,"Americas",4684.313807,9803875
68.978,2002,"Americas",4858.347495,11178650
70.259,2007,"Americas",5186.050003,12572928
33.609,1952,"Africa",510.1964923,2664249
34.558,1957,"Africa",576.2670245,2876726
35.753,1962,"Africa",686.3736739,3140003
37.197,1967,"Africa",708.7595409,3451418
38.842,1972,"Africa",741.6662307,3811387
40.762,1977,"Africa",874.6858643,4227026
42.891,1982,"Africa",857.2503577,4710497
45.552,1987,"Africa",805.5724718,5650262
48.576,1992,"Africa",794.3484384,6990574
51.455,1997,"Africa",869.4497668,8048834
53.676,2002,"Africa",945.5835837,8807818
56.007,2007,"Africa",942.6542111,9947814
32.5,1952,"Africa",299.850319,580653
33.489,1957,"Africa",431.7904566,601095
34.488,1962,"Africa",522.0343725,627820
35.492,1967,"Africa",715.5806402,601287
36.486,1972,"Africa",820.2245876,625361
37.465,1977,"Africa",764.7259628,745228
39.327,1982,"Africa",838.1239671,825987
41.245,1987,"Africa",736.4153921,927524
43.266,1992,"Africa",745.5398706,1050938
44.873,1997,"Africa",796.6644681,1193708
45.504,2002,"Africa",575.7047176,1332459
46.388,2007,"Africa",579.231743,1472041
37.579,1952,"Americas",1840.366939,3201488
40.696,1957,"Americas",1726.887882,3507701
43.59,1962,"Americas",1796.589032,3880130
46.243,1967,"Americas",1452.057666,4318137
48.042,1972,"Americas",1654.456946,4698301
49.923,1977,"Americas",1874.298931,4908554
51.461,1982,"Americas",2011.159549,5198399
53.636,1987,"Americas",1823.015995,5756203
55.089,1992,"Americas",1456.309517,6326682
56.671,1997,"Americas",1341.726931,6913545
58.137,2002,"Americas",1270.364932,7607651
60.916,2007,"Americas",1201.637154,8502814
41.912,1952,"Americas",2194.926204,1517453
44.665,1957,"Americas",2220.487682,1770390
48.041,1962,"Americas",2291.156835,2090162
50.924,1967,"Americas",2538.269358,2500689
53.884,1972,"Americas",2529.842345,2965146
57.402,1977,"Americas",3203.208066,3055235
60.909,1982,"Americas",3121.760794,3669448
64.492,1987,"Americas",3023.096699,4372203
66.399,1992,"Americas",3081.694603,5077347
67.659,1997,"Americas",3160.454906,5867957
68.565,2002,"Americas",3099.72866,6677328
70.198,2007,"Americas",3548.330846,7483763
60.96,1952,"Asia",3054.421209,2125900
64.75,1957,"Asia",3629.076457,2736300
67.65,1962,"Asia",4692.648272,3305200
70,1967,"Asia",6197.962814,3722800
72,1972,"Asia",8315.928145,4115700
73.6,1977,"Asia",11186.14125,4583700
75.45,1982,"Asia",14560.53051,5264500
76.2,1987,"Asia",20038.47269,5584510
77.601,1992,"Asia",24757.60301,5829696
80,1997,"Asia",28377.63219,6495918
81.495,2002,"Asia",30209.01516,6762476
82.208,2007,"Asia",39724.97867,6980412
64.03,1952,"Europe",5263.673816,9504000
66.41,1957,"Europe",6040.180011,9839000
67.96,1962,"Europe",7550.359877,10063000
69.5,1967,"Europe",9326.64467,10223422
69.76,1972,"Europe",10168.65611,10394091
69.95,1977,"Europe",11674.83737,10637171
69.39,1982,"Europe",12545.99066,10705535
69.58,1987,"Europe",12986.47998,10612740
69.17,1992,"Europe",10535.62855,10348684
71.04,1997,"Europe",11712.7768,10244684
72.59,2002,"Europe",14843.93556,10083313
73.338,2007,"Europe",18008.94444,9956108
72.49,1952,"Europe",7267.688428,147962
73.47,1957,"Europe",9244.001412,165110
73.68,1962,"Europe",10350.15906,182053
73.73,1967,"Europe",13319.89568,198676
74.46,1972,"Europe",15798.06362,209275
76.11,1977,"Europe",19654.96247,221823
76.99,1982,"Europe",23269.6075,233997
77.23,1987,"Europe",26923.20628,244676
78.77,1992,"Europe",25144.39201,259012
78.95,1997,"Europe",28061.09966,271192
80.5,2002,"Europe",31163.20196,288030
81.757,2007,"Europe",36180.78919,301931
37.373,1952,"Asia",546.5657493,372000000
40.249,1957,"Asia",590.061996,409000000
43.605,1962,"Asia",658.3471509,454000000
47.193,1967,"Asia",700.7706107,506000000
50.651,1972,"Asia",724.032527,567000000
54.208,1977,"Asia",813.337323,634000000
56.596,1982,"Asia",855.7235377,708000000
58.553,1987,"Asia",976.5126756,788000000
60.223,1992,"Asia",1164.406809,872000000
61.765,1997,"Asia",1458.817442,959000000
62.879,2002,"Asia",1746.769454,1034172547
64.698,2007,"Asia",2452.210407,1110396331
37.468,1952,"Asia",749.6816546,82052000
39.918,1957,"Asia",858.9002707,90124000
42.518,1962,"Asia",849.2897701,99028000
45.964,1967,"Asia",762.4317721,109343000
49.203,1972,"Asia",1111.107907,121282000
52.702,1977,"Asia",1382.702056,136725000
56.159,1982,"Asia",1516.872988,153343000
60.137,1987,"Asia",1748.356961,169276000
62.681,1992,"Asia",2383.140898,184816000
66.041,1997,"Asia",3119.335603,199278000
68.588,2002,"Asia",2873.91287,211060000
70.65,2007,"Asia",3540.651564,223547000
44.869,1952,"Asia",3035.326002,17272000
47.181,1957,"Asia",3290.257643,19792000
49.325,1962,"Asia",4187.329802,22874000
52.469,1967,"Asia",5906.731805,26538000
55.234,1972,"Asia",9613.818607,30614000
57.702,1977,"Asia",11888.59508,35480679
59.62,1982,"Asia",7608.334602,43072751
63.04,1987,"Asia",6642.881371,51889696
65.742,1992,"Asia",7235.653188,60397973
68.042,1997,"Asia",8263.590301,63327987
69.451,2002,"Asia",9240.761975,66907826
70.964,2007,"Asia",11605.71449,69453570
45.32,1952,"Asia",4129.766056,5441766
48.437,1957,"Asia",6229.333562,6248643
51.457,1962,"Asia",8341.737815,7240260
54.459,1967,"Asia",8931.459811,8519282
56.95,1972,"Asia",9576.037596,10061506
60.413,1977,"Asia",14688.23507,11882916
62.038,1982,"Asia",14517.90711,14173318
65.044,1987,"Asia",11643.57268,16543189
59.461,1992,"Asia",3745.640687,17861905
58.811,1997,"Asia",3076.239795,20775703
57.046,2002,"Asia",4390.717312,24001816
59.545,2007,"Asia",4471.061906,27499638
66.91,1952,"Europe",5210.280328,2952156
68.9,1957,"Europe",5599.077872,2878220
70.29,1962,"Europe",6631.597314,2830000
71.08,1967,"Europe",7655.568963,2900100
71.28,1972,"Europe",9530.772896,3024400
72.03,1977,"Europe",11150.98113,3271900
73.1,1982,"Europe",12618.32141,3480000
74.36,1987,"Europe",13872.86652,3539900
75.467,1992,"Europe",17558.81555,3557761
76.122,1997,"Europe",24521.94713,3667233
77.783,2002,"Europe",34077.04939,3879155
78.885,2007,"Europe",40675.99635,4109086
65.39,1952,"Asia",4086.522128,1620914
67.84,1957,"Asia",5385.278451,1944401
69.39,1962,"Asia",7105.630706,2310904
70.75,1967,"Asia",8393.741404,2693585
71.63,1972,"Asia",12786.93223,3095893
73.06,1977,"Asia",13306.61921,3495918
74.45,1982,"Asia",15367.0292,3858421
75.6,1987,"Asia",17122.47986,4203148
76.93,1992,"Asia",18051.52254,4936550
78.269,1997,"Asia",20896.60924,5531387
79.696,2002,"Asia",21905.59514,6029529
80.745,2007,"Asia",25523.2771,6426679
65.94,1952,"Europe",4931.404155,47666000
67.81,1957,"Europe",6248.656232,49182000
69.24,1962,"Europe",8243.58234,50843200
71.06,1967,"Europe",10022.40131,52667100
72.19,1972,"Europe",12269.27378,54365564
73.48,1977,"Europe",14255.98475,56059245
74.98,1982,"Europe",16537.4835,56535636
76.42,1987,"Europe",19207.23482,56729703
77.44,1992,"Europe",22013.64486,56840847
78.82,1997,"Europe",24675.02446,57479469
80.24,2002,"Europe",27968.09817,57926999
80.546,2007,"Europe",28569.7197,58147733
58.53,1952,"Americas",2898.530881,1426095
62.61,1957,"Americas",4756.525781,1535090
65.61,1962,"Americas",5246.107524,1665128
67.51,1967,"Americas",6124.703451,1861096
69,1972,"Americas",7433.889293,1997616
70.11,1977,"Americas",6650.195573,2156814
71.21,1982,"Americas",6068.05135,2298309
71.77,1987,"Americas",6351.237495,2326606
71.766,1992,"Americas",7404.923685,2378618
72.262,1997,"Americas",7121.924704,2531311
72.047,2002,"Americas",6994.774861,2664659
72.567,2007,"Americas",7320.880262,2780132
63.03,1952,"Asia",3216.956347,86459025
65.5,1957,"Asia",4317.694365,91563009
68.73,1962,"Asia",6576.649461,95831757
71.43,1967,"Asia",9847.788607,100825279
73.42,1972,"Asia",14778.78636,107188273
75.38,1977,"Asia",16610.37701,113872473
77.11,1982,"Asia",19384.10571,118454974
78.67,1987,"Asia",22375.94189,122091325
79.36,1992,"Asia",26824.89511,124329269
80.69,1997,"Asia",28816.58499,125956499
82,2002,"Asia",28604.5919,127065841
82.603,2007,"Asia",31656.06806,127467972
43.158,1952,"Asia",1546.907807,607914
45.669,1957,"Asia",1886.080591,746559
48.126,1962,"Asia",2348.009158,933559
51.629,1967,"Asia",2741.796252,1255058
56.528,1972,"Asia",2110.856309,1613551
61.134,1977,"Asia",2852.351568,1937652
63.739,1982,"Asia",4161.415959,2347031
65.869,1987,"Asia",4448.679912,2820042
68.015,1992,"Asia",3431.593647,3867409
69.772,1997,"Asia",3645.379572,4526235
71.263,2002,"Asia",3844.917194,5307470
72.535,2007,"Asia",4519.461171,6053193
42.27,1952,"Africa",853.540919,6464046
44.686,1957,"Africa",944.4383152,7454779
47.949,1962,"Africa",896.9663732,8678557
50.654,1967,"Africa",1056.736457,10191512
53.559,1972,"Africa",1222.359968,12044785
56.155,1977,"Africa",1267.613204,14500404
58.766,1982,"Africa",1348.225791,17661452
59.339,1987,"Africa",1361.936856,21198082
59.285,1992,"Africa",1341.921721,25020539
54.407,1997,"Africa",1360.485021,28263827
50.992,2002,"Africa",1287.514732,31386842
54.11,2007,"Africa",1463.249282,35610177
50.056,1952,"Asia",1088.277758,8865488
54.081,1957,"Asia",1571.134655,9411381
56.656,1962,"Asia",1621.693598,10917494
59.942,1967,"Asia",2143.540609,12617009
63.983,1972,"Asia",3701.621503,14781241
67.159,1977,"Asia",4106.301249,16325320
69.1,1982,"Asia",4106.525293,17647518
70.647,1987,"Asia",4106.492315,19067554
69.978,1992,"Asia",3726.063507,20711375
67.727,1997,"Asia",1690.756814,21585105
66.662,2002,"Asia",1646.758151,22215365
67.297,2007,"Asia",1593.06548,23301725
47.453,1952,"Asia",1030.592226,20947571
52.681,1957,"Asia",1487.593537,22611552
55.292,1962,"Asia",1536.344387,26420307
57.716,1967,"Asia",2029.228142,30131000
62.612,1972,"Asia",3030.87665,33505000
64.766,1977,"Asia",4657.22102,36436000
67.123,1982,"Asia",5622.942464,39326000
69.81,1987,"Asia",8533.088805,41622000
72.244,1992,"Asia",12104.27872,43805450
74.647,1997,"Asia",15993.52796,46173816
77.045,2002,"Asia",19233.98818,47969150
78.623,2007,"Asia",23348.13973,49044790
55.565,1952,"Asia",108382.3529,160000
58.033,1957,"Asia",113523.1329,212846
60.47,1962,"Asia",95458.11176,358266
64.624,1967,"Asia",80894.88326,575003
67.712,1972,"Asia",109347.867,841934
69.343,1977,"Asia",59265.47714,1140357
71.309,1982,"Asia",31354.03573,1497494
74.174,1987,"Asia",28118.42998,1891487
75.19,1992,"Asia",34932.91959,1418095
76.156,1997,"Asia",40300.61996,1765345
76.904,2002,"Asia",35110.10566,2111561
77.588,2007,"Asia",47306.98978,2505559
55.928,1952,"Asia",4834.804067,1439529
59.489,1957,"Asia",6089.786934,1647412
62.094,1962,"Asia",5714.560611,1886848
63.87,1967,"Asia",6006.983042,2186894
65.421,1972,"Asia",7486.384341,2680018
66.099,1977,"Asia",8659.696836,3115787
66.983,1982,"Asia",7640.519521,3086876
67.926,1987,"Asia",5377.091329,3089353
69.292,1992,"Asia",6890.806854,3219994
70.265,1997,"Asia",8754.96385,3430388
71.028,2002,"Asia",9313.93883,3677780
71.993,2007,"Asia",10461.05868,3921278
42.138,1952,"Africa",298.8462121,748747
45.047,1957,"Africa",335.9971151,813338
47.747,1962,"Africa",411.8006266,893143
48.492,1967,"Africa",498.6390265,996380
49.767,1972,"Africa",496.5815922,1116779
52.208,1977,"Africa",745.3695408,1251524
55.078,1982,"Africa",797.2631074,1411807
57.18,1987,"Africa",773.9932141,1599200
59.685,1992,"Africa",977.4862725,1803195
55.558,1997,"Africa",1186.147994,1982823
44.593,2002,"Africa",1275.184575,2046772
42.592,2007,"Africa",1569.331442,2012649
38.48,1952,"Africa",575.5729961,863308
39.486,1957,"Africa",620.9699901,975950
40.502,1962,"Africa",634.1951625,1112796
41.536,1967,"Africa",713.6036483,1279406
42.614,1972,"Africa",803.0054535,1482628
43.764,1977,"Africa",640.3224383,1703617
44.852,1982,"Africa",572.1995694,1956875
46.027,1987,"Africa",506.1138573,2269414
40.802,1992,"Africa",636.6229191,1912974
42.221,1997,"Africa",609.1739508,2200725
43.753,2002,"Africa",531.4823679,2814651
45.678,2007,"Africa",414.5073415,3193942
42.723,1952,"Africa",2387.54806,1019729
45.289,1957,"Africa",3448.284395,1201578
47.808,1962,"Africa",6757.030816,1441863
50.227,1967,"Africa",18772.75169,1759224
52.773,1972,"Africa",21011.49721,2183877
57.442,1977,"Africa",21951.21176,2721783
62.155,1982,"Africa",17364.27538,3344074
66.234,1987,"Africa",11770.5898,3799845
68.755,1992,"Africa",9640.138501,4364501
71.555,1997,"Africa",9467.446056,4759670
72.737,2002,"Africa",9534.677467,5368585
73.952,2007,"Africa",12057.49928,6036914
36.681,1952,"Africa",1443.011715,4762912
38.865,1957,"Africa",1589.20275,5181679
40.848,1962,"Africa",1643.38711,5703324
42.881,1967,"Africa",1634.047282,6334556
44.851,1972,"Africa",1748.562982,7082430
46.881,1977,"Africa",1544.228586,8007166
48.969,1982,"Africa",1302.878658,9171477
49.35,1987,"Africa",1155.441948,10568642
52.214,1992,"Africa",1040.67619,12210395
54.978,1997,"Africa",986.2958956,14165114
57.286,2002,"Africa",894.6370822,16473477
59.443,2007,"Africa",1044.770126,19167654
36.256,1952,"Africa",369.1650802,2917802
37.207,1957,"Africa",416.3698064,3221238
38.41,1962,"Africa",427.9010856,3628608
39.487,1967,"Africa",495.5147806,4147252
41.766,1972,"Africa",584.6219709,4730997
43.767,1977,"Africa",663.2236766,5637246
45.642,1982,"Africa",632.8039209,6502825
47.457,1987,"Africa",635.5173634,7824747
49.42,1992,"Africa",563.2000145,10014249
47.495,1997,"Africa",692.2758103,10419991
45.009,2002,"Africa",665.4231186,11824495
48.303,2007,"Africa",759.3499101,13327079
48.463,1952,"Asia",1831.132894,6748378
52.102,1957,"Asia",1810.066992,7739235
55.737,1962,"Asia",2036.884944,8906385
59.371,1967,"Asia",2277.742396,10154878
63.01,1972,"Asia",2849.09478,11441462
65.256,1977,"Asia",3827.921571,12845381
68,1982,"Asia",4920.355951,14441916
69.5,1987,"Asia",5249.802653,16331785
70.693,1992,"Asia",7277.912802,18319502
71.938,1997,"Asia",10132.90964,20476091
73.044,2002,"Asia",10206.97794,22662365
74.241,2007,"Asia",12451.6558,24821286
33.685,1952,"Africa",452.3369807,3838168
35.307,1957,"Africa",490.3821867,4241884
36.936,1962,"Africa",496.1743428,4690372
38.487,1967,"Africa",545.0098873,5212416
39.977,1972,"Africa",581.3688761,5828158
41.714,1977,"Africa",686.3952693,6491649
43.916,1982,"Africa",618.0140641,6998256
46.364,1987,"Africa",684.1715576,7634008
48.388,1992,"Africa",739.014375,8416215
49.903,1997,"Africa",790.2579846,9384984
51.818,2002,"Africa",951.4097518,10580176
54.467,2007,"Africa",1042.581557,12031795
40.543,1952,"Africa",743.1159097,1022556
42.338,1957,"Africa",846.1202613,1076852
44.248,1962,"Africa",1055.896036,1146757
46.289,1967,"Africa",1421.145193,1230542
48.437,1972,"Africa",1586.851781,1332786
50.852,1977,"Africa",1497.492223,1456688
53.599,1982,"Africa",1481.150189,1622136
56.145,1987,"Africa",1421.603576,1841240
58.333,1992,"Africa",1361.369784,2119465
60.43,1997,"Africa",1483.136136,2444741
62.247,2002,"Africa",1579.019543,2828858
64.164,2007,"Africa",1803.151496,3270065
50.986,1952,"Africa",1967.955707,516556
58.089,1957,"Africa",2034.037981,609816
60.246,1962,"Africa",2529.067487,701016
61.557,1967,"Africa",2475.387562,789309
62.944,1972,"Africa",2575.484158,851334
64.93,1977,"Africa",3710.982963,913025
66.711,1982,"Africa",3688.037739,992040
68.74,1987,"Africa",4783.586903,1042663
69.745,1992,"Africa",6058.253846,1096202
70.736,1997,"Africa",7425.705295,1149818
71.954,2002,"Africa",9021.815894,1200206
72.801,2007,"Africa",10956.99112,1250882
50.789,1952,"Americas",3478.125529,30144317
55.19,1957,"Americas",4131.546641,35015548
58.299,1962,"Americas",4581.609385,41121485
60.11,1967,"Americas",5754.733883,47995559
62.361,1972,"Americas",6809.40669,55984294
65.032,1977,"Americas",7674.929108,63759976
67.405,1982,"Americas",9611.147541,71640904
69.498,1987,"Americas",8688.156003,80122492
71.455,1992,"Americas",9472.384295,88111030
73.67,1997,"Americas",9767.29753,95895146
74.902,2002,"Americas",10742.44053,102479927
76.195,2007,"Americas",11977.57496,108700891
42.244,1952,"Asia",786.5668575,800663
45.248,1957,"Asia",912.6626085,882134
48.251,1962,"Asia",1056.353958,1010280
51.253,1967,"Asia",1226.04113,1149500
53.754,1972,"Asia",1421.741975,1320500
55.491,1977,"Asia",1647.511665,1528000
57.489,1982,"Asia",2000.603139,1756032
60.222,1987,"Asia",2338.008304,2015133
61.271,1992,"Asia",1785.402016,2312802
63.625,1997,"Asia",1902.2521,2494803
65.033,2002,"Asia",2140.739323,2674234
66.803,2007,"Asia",3095.772271,2874127
59.164,1952,"Europe",2647.585601,413834
61.448,1957,"Europe",3682.259903,442829
63.728,1962,"Europe",4649.593785,474528
67.178,1967,"Europe",5907.850937,501035
70.636,1972,"Europe",7778.414017,527678
73.066,1977,"Europe",9595.929905,560073
74.101,1982,"Europe",11222.58762,562548
74.865,1987,"Europe",11732.51017,569473
75.435,1992,"Europe",7003.339037,621621
75.445,1997,"Europe",6465.613349,692651
73.981,2002,"Europe",6557.194282,720230
74.543,2007,"Europe",9253.896111,684736
42.873,1952,"Africa",1688.20357,9939217
45.423,1957,"Africa",1642.002314,11406350
47.924,1962,"Africa",1566.353493,13056604
50.335,1967,"Africa",1711.04477,14770296
52.862,1972,"Africa",1930.194975,16660670
55.73,1977,"Africa",2370.619976,18396941
59.65,1982,"Africa",2702.620356,20198730
62.677,1987,"Africa",2755.046991,22987397
65.393,1992,"Africa",2948.047252,25798239
67.66,1997,"Africa",2982.101858,28529501
69.615,2002,"Africa",3258.495584,31167783
71.164,2007,"Africa",3820.17523,33757175
31.286,1952,"Africa",468.5260381,6446316
33.779,1957,"Africa",495.5868333,7038035
36.161,1962,"Africa",556.6863539,7788944
38.113,1967,"Africa",566.6691539,8680909
40.328,1972,"Africa",724.9178037,9809596
42.495,1977,"Africa",502.3197334,11127868
42.795,1982,"Africa",462.2114149,12587223
42.861,1987,"Africa",389.8761846,12891952
44.284,1992,"Africa",410.8968239,13160731
46.344,1997,"Africa",472.3460771,16603334
44.026,2002,"Africa",633.6179466,18473780
42.082,2007,"Africa",823.6856205,19951656
36.319,1952,"Asia",331,20092996
41.905,1957,"Asia",350,21731844
45.108,1962,"Asia",388,23634436
49.379,1967,"Asia",349,25870271
53.07,1972,"Asia",357,28466390
56.059,1977,"Asia",371,31528087
58.056,1982,"Asia",424,34680442
58.339,1987,"Asia",385,38028578
59.32,1992,"Asia",347,40546538
60.328,1997,"Asia",415,43247867
59.908,2002,"Asia",611,45598081
62.069,2007,"Asia",944,47761980
41.725,1952,"Africa",2423.780443,485831
45.226,1957,"Africa",2621.448058,548080
48.386,1962,"Africa",3173.215595,621392
51.159,1967,"Africa",3793.694753,706640
53.867,1972,"Africa",3746.080948,821782
56.437,1977,"Africa",3876.485958,977026
58.968,1982,"Africa",4191.100511,1099010
60.835,1987,"Africa",3693.731337,1278184
61.999,1992,"Africa",3804.537999,1554253
58.909,1997,"Africa",3899.52426,1774766
51.479,2002,"Africa",4072.324751,1972153
52.906,2007,"Africa",4811.060429,2055080
36.157,1952,"Asia",545.8657229,9182536
37.686,1957,"Asia",597.9363558,9682338
39.393,1962,"Asia",652.3968593,10332057
41.472,1967,"Asia",676.4422254,11261690
43.971,1972,"Asia",674.7881296,12412593
46.748,1977,"Asia",694.1124398,13933198
49.594,1982,"Asia",718.3730947,15796314
52.537,1987,"Asia",775.6324501,17917180
55.727,1992,"Asia",897.7403604,20326209
59.426,1997,"Asia",1010.892138,23001113
61.34,2002,"Asia",1057.206311,25873917
63.785,2007,"Asia",1091.359778,28901790
72.13,1952,"Europe",8941.571858,10381988
72.99,1957,"Europe",11276.19344,11026383
73.23,1962,"Europe",12790.84956,11805689
73.82,1967,"Europe",15363.25136,12596822
73.75,1972,"Europe",18794.74567,13329874
75.24,1977,"Europe",21209.0592,13852989
76.05,1982,"Europe",21399.46046,14310401
76.83,1987,"Europe",23651.32361,14665278
77.42,1992,"Europe",26790.94961,15174244
78.03,1997,"Europe",30246.13063,15604464
78.53,2002,"Europe",33724.75778,16122830
79.762,2007,"Europe",36797.93332,16570613
69.39,1952,"Oceania",10556.57566,1994794
70.26,1957,"Oceania",12247.39532,2229407
71.24,1962,"Oceania",13175.678,2488550
71.52,1967,"Oceania",14463.91893,2728150
71.89,1972,"Oceania",16046.03728,2929100
72.22,1977,"Oceania",16233.7177,3164900
73.84,1982,"Oceania",17632.4104,3210650
74.32,1987,"Oceania",19007.19129,3317166
76.33,1992,"Oceania",18363.32494,3437674
77.55,1997,"Oceania",21050.41377,3676187
79.11,2002,"Oceania",23189.80135,3908037
80.204,2007,"Oceania",25185.00911,4115771
42.314,1952,"Americas",3112.363948,1165790
45.432,1957,"Americas",3457.415947,1358828
48.632,1962,"Americas",3634.364406,1590597
51.884,1967,"Americas",4643.393534,1865490
55.151,1972,"Americas",4688.593267,2182908
57.47,1977,"Americas",5486.371089,2554598
59.298,1982,"Americas",3470.338156,2979423
62.008,1987,"Americas",2955.984375,3344353
65.843,1992,"Americas",2170.151724,4017939
68.426,1997,"Americas",2253.023004,4609572
70.836,2002,"Americas",2474.548819,5146848
72.899,2007,"Americas",2749.320965,5675356
37.444,1952,"Africa",761.879376,3379468
38.598,1957,"Africa",835.5234025,3692184
39.487,1962,"Africa",997.7661127,4076008
40.118,1967,"Africa",1054.384891,4534062
40.546,1972,"Africa",954.2092363,5060262
41.291,1977,"Africa",808.8970728,5682086
42.598,1982,"Africa",909.7221354,6437188
44.555,1987,"Africa",668.3000228,7332638
47.391,1992,"Africa",581.182725,8392818
51.313,1997,"Africa",580.3052092,9666252
54.496,2002,"Africa",601.0745012,11140655
56.867,2007,"Africa",619.6768924,12894865
36.324,1952,"Africa",1077.281856,33119096
37.802,1957,"Africa",1100.592563,37173340
39.36,1962,"Africa",1150.927478,41871351
41.04,1967,"Africa",1014.514104,47287752
42.821,1972,"Africa",1698.388838,53740085
44.514,1977,"Africa",1981.951806,62209173
45.826,1982,"Africa",1576.97375,73039376
46.886,1987,"Africa",1385.029563,81551520
47.472,1992,"Africa",1619.848217,93364244
47.464,1997,"Africa",1624.941275,106207839
46.608,2002,"Africa",1615.286395,119901274
46.859,2007,"Africa",2013.977305,135031164
72.67,1952,"Europe",10095.42172,3327728
73.44,1957,"Europe",11653.97304,3491938
73.47,1962,"Europe",13450.40151,3638919
74.08,1967,"Europe",16361.87647,3786019
74.34,1972,"Europe",18965.05551,3933004
75.37,1977,"Europe",23311.34939,4043205
75.97,1982,"Europe",26298.63531,4114787
75.89,1987,"Europe",31540.9748,4186147
77.32,1992,"Europe",33965.66115,4286357
78.32,1997,"Europe",41283.16433,4405672
79.05,2002,"Europe",44683.97525,4535591
80.196,2007,"Europe",49357.19017,4627926
37.578,1952,"Asia",1828.230307,507833
40.08,1957,"Asia",2242.746551,561977
43.165,1962,"Asia",2924.638113,628164
46.988,1967,"Asia",4720.942687,714775
52.143,1972,"Asia",10618.03855,829050
57.367,1977,"Asia",11848.34392,1004533
62.728,1982,"Asia",12954.79101,1301048
67.734,1987,"Asia",18115.22313,1593882
71.197,1992,"Asia",18616.70691,1915208
72.499,1997,"Asia",19702.05581,2283635
74.193,2002,"Asia",19774.83687,2713462
75.64,2007,"Asia",22316.19287,3204897
43.436,1952,"Asia",684.5971438,41346560
45.557,1957,"Asia",747.0835292,46679944
47.67,1962,"Asia",803.3427418,53100671
49.8,1967,"Asia",942.4082588,60641899
51.929,1972,"Asia",1049.938981,69325921
54.043,1977,"Asia",1175.921193,78152686
56.158,1982,"Asia",1443.429832,91462088
58.245,1987,"Asia",1704.686583,105186881
60.838,1992,"Asia",1971.829464,120065004
61.818,1997,"Asia",2049.350521,135564834
63.61,2002,"Asia",2092.712441,153403524
65.483,2007,"Asia",2605.94758,169270617
55.191,1952,"Americas",2480.380334,940080
59.201,1957,"Americas",2961.800905,1063506
61.817,1962,"Americas",3536.540301,1215725
64.071,1967,"Americas",4421.009084,1405486
66.216,1972,"Americas",5364.249663,1616384
68.681,1977,"Americas",5351.912144,1839782
70.472,1982,"Americas",7009.601598,2036305
71.523,1987,"Americas",7034.779161,2253639
72.462,1992,"Americas",6618.74305,2484997
73.738,1997,"Americas",7113.692252,2734531
74.712,2002,"Americas",7356.031934,2990875
75.537,2007,"Americas",9809.185636,3242173
62.649,1952,"Americas",1952.308701,1555876
63.196,1957,"Americas",2046.154706,1770902
64.361,1962,"Americas",2148.027146,2009813
64.951,1967,"Americas",2299.376311,2287985
65.815,1972,"Americas",2523.337977,2614104
66.353,1977,"Americas",3248.373311,2984494
66.874,1982,"Americas",4258.503604,3366439
67.378,1987,"Americas",3998.875695,3886512
68.225,1992,"Americas",4196.411078,4483945
69.4,1997,"Americas",4247.400261,5154123
70.755,2002,"Americas",3783.674243,5884491
71.752,2007,"Americas",4172.838464,6667147
43.902,1952,"Americas",3758.523437,8025700
46.263,1957,"Americas",4245.256698,9146100
49.096,1962,"Americas",4957.037982,10516500
51.445,1967,"Americas",5788.09333,12132200
55.448,1972,"Americas",5937.827283,13954700
58.447,1977,"Americas",6281.290855,15990099
61.406,1982,"Americas",6434.501797,18125129
64.134,1987,"Americas",6360.943444,20195924
66.458,1992,"Americas",4446.380924,22430449
68.386,1997,"Americas",5838.347657,24748122
69.906,2002,"Americas",5909.020073,26769436
71.421,2007,"Americas",7408.905561,28674757
47.752,1952,"Asia",1272.880995,22438691
51.334,1957,"Asia",1547.944844,26072194
54.757,1962,"Asia",1649.552153,30325264
56.393,1967,"Asia",1814.12743,35356600
58.065,1972,"Asia",1989.37407,40850141
60.06,1977,"Asia",2373.204287,46850962
62.082,1982,"Asia",2603.273765,53456774
64.151,1987,"Asia",2189.634995,60017788
66.458,1992,"Asia",2279.324017,67185766
68.564,1997,"Asia",2536.534925,75012988
70.303,2002,"Asia",2650.921068,82995088
71.688,2007,"Asia",3190.481016,91077287
61.31,1952,"Europe",4029.329699,25730551
65.77,1957,"Europe",4734.253019,28235346
67.64,1962,"Europe",5338.752143,30329617
69.61,1967,"Europe",6557.152776,31785378
70.85,1972,"Europe",8006.506993,33039545
70.67,1977,"Europe",9508.141454,34621254
71.32,1982,"Europe",8451.531004,36227381
70.98,1987,"Europe",9082.351172,37740710
70.99,1992,"Europe",7738.881247,38370697
72.75,1997,"Europe",10159.58368,38654957
74.67,2002,"Europe",12002.23908,38625976
75.563,2007,"Europe",15389.92468,38518241
59.82,1952,"Europe",3068.319867,8526050
61.51,1957,"Europe",3774.571743,8817650
64.39,1962,"Europe",4727.954889,9019800
66.6,1967,"Europe",6361.517993,9103000
69.26,1972,"Europe",9022.247417,8970450
70.41,1977,"Europe",10172.48572,9662600
72.77,1982,"Europe",11753.84291,9859650
74.06,1987,"Europe",13039.30876,9915289
74.86,1992,"Europe",16207.26663,9927680
75.97,1997,"Europe",17641.03156,10156415
77.29,2002,"Europe",19970.90787,10433867
78.098,2007,"Europe",20509.64777,10642836
64.28,1952,"Americas",3081.959785,2227000
68.54,1957,"Americas",3907.156189,2260000
69.62,1962,"Americas",5108.34463,2448046
71.1,1967,"Americas",6929.277714,2648961
72.16,1972,"Americas",9123.041742,2847132
73.44,1977,"Americas",9770.524921,3080828
73.75,1982,"Americas",10330.98915,3279001
74.63,1987,"Americas",12281.34191,3444468
73.911,1992,"Americas",14641.58711,3585176
74.917,1997,"Americas",16999.4333,3759430
77.778,2002,"Americas",18855.60618,3859606
78.746,2007,"Americas",19328.70901,3942491
52.724,1952,"Africa",2718.885295,257700
55.09,1957,"Africa",2769.451844,308700
57.666,1962,"Africa",3173.72334,358900
60.542,1967,"Africa",4021.175739,414024
64.274,1972,"Africa",5047.658563,461633
67.064,1977,"Africa",4319.804067,492095
69.885,1982,"Africa",5267.219353,517810
71.913,1987,"Africa",5303.377488,562035
73.615,1992,"Africa",6101.255823,622191
74.772,1997,"Africa",6071.941411,684810
75.744,2002,"Africa",6316.1652,743981
76.442,2007,"Africa",7670.122558,798094
61.05,1952,"Europe",3144.613186,16630000
64.1,1957,"Europe",3943.370225,17829327
66.8,1962,"Europe",4734.997586,18680721
66.8,1967,"Europe",6470.866545,19284814
69.21,1972,"Europe",8011.414402,20662648
69.46,1977,"Europe",9356.39724,21658597
69.66,1982,"Europe",9605.314053,22356726
69.53,1987,"Europe",9696.273295,22686371
69.36,1992,"Europe",6598.409903,22797027
69.72,1997,"Europe",7346.547557,22562458
71.322,2002,"Europe",7885.360081,22404337
72.476,2007,"Europe",10808.47561,22276056
40,1952,"Africa",493.3238752,2534927
41.5,1957,"Africa",540.2893983,2822082
43,1962,"Africa",597.4730727,3051242
44.1,1967,"Africa",510.9637142,3451079
44.6,1972,"Africa",590.5806638,3992121
45,1977,"Africa",670.0806011,4657072
46.218,1982,"Africa",881.5706467,5507565
44.02,1987,"Africa",847.991217,6349365
23.599,1992,"Africa",737.0685949,7290203
36.087,1997,"Africa",589.9445051,7212583
43.413,2002,"Africa",785.6537648,7852401
46.242,2007,"Africa",863.0884639,8860588
46.471,1952,"Africa",879.5835855,60011
48.945,1957,"Africa",860.7369026,61325
51.893,1962,"Africa",1071.551119,65345
54.425,1967,"Africa",1384.840593,70787
56.48,1972,"Africa",1532.985254,76595
58.55,1977,"Africa",1737.561657,86796
60.351,1982,"Africa",1890.218117,98593
61.728,1987,"Africa",1516.525457,110812
62.742,1992,"Africa",1428.777814,125911
63.306,1997,"Africa",1339.076036,145608
64.337,2002,"Africa",1353.09239,170372
65.528,2007,"Africa",1598.435089,199579
39.875,1952,"Asia",6459.554823,4005677
42.868,1957,"Asia",8157.591248,4419650
45.914,1962,"Asia",11626.41975,4943029
49.901,1967,"Asia",16903.04886,5618198
53.886,1972,"Asia",24837.42865,6472756
58.69,1977,"Asia",34167.7626,8128505
63.012,1982,"Asia",33693.17525,11254672
66.295,1987,"Asia",21198.26136,14619745
68.768,1992,"Asia",24841.61777,16945857
70.533,1997,"Asia",20586.69019,21229759
71.626,2002,"Asia",19014.54118,24501530
72.777,2007,"Asia",21654.83194,27601038
37.278,1952,"Africa",1450.356983,2755589
39.329,1957,"Africa",1567.653006,3054547
41.454,1962,"Africa",1654.988723,3430243
43.563,1967,"Africa",1612.404632,3965841
45.815,1972,"Africa",1597.712056,4588696
48.879,1977,"Africa",1561.769116,5260855
52.379,1982,"Africa",1518.479984,6147783
55.769,1987,"Africa",1441.72072,7171347
58.196,1992,"Africa",1367.899369,8307920
60.187,1997,"Africa",1392.368347,9535314
61.6,2002,"Africa",1519.635262,10870037
63.062,2007,"Africa",1712.472136,12267493
57.996,1952,"Europe",3581.459448,6860147
61.685,1957,"Europe",4981.090891,7271135
64.531,1962,"Europe",6289.629157,7616060
66.914,1967,"Europe",7991.707066,7971222
68.7,1972,"Europe",10522.06749,8313288
70.3,1977,"Europe",12980.66956,8686367
70.162,1982,"Europe",15181.0927,9032824
71.218,1987,"Europe",15870.87851,9230783
71.659,1992,"Europe",9325.068238,9826397
72.232,1997,"Europe",7914.320304,10336594
73.213,2002,"Europe",7236.075251,10111559
74.002,2007,"Europe",9786.534714,10150265
30.331,1952,"Africa",879.7877358,2143249
31.57,1957,"Africa",1004.484437,2295678
32.767,1962,"Africa",1116.639877,2467895
34.113,1967,"Africa",1206.043465,2662190
35.4,1972,"Africa",1353.759762,2879013
36.788,1977,"Africa",1348.285159,3140897
38.445,1982,"Africa",1465.010784,3464522
40.006,1987,"Africa",1294.447788,3868905
38.333,1992,"Africa",1068.696278,4260884
39.897,1997,"Africa",574.6481576,4578212
41.012,2002,"Africa",699.489713,5359092
42.568,2007,"Africa",862.5407561,6144562
60.396,1952,"Asia",2315.138227,1127000
63.179,1957,"Asia",2843.104409,1445929
65.798,1962,"Asia",3674.735572,1750200
67.946,1967,"Asia",4977.41854,1977600
69.521,1972,"Asia",8597.756202,2152400
70.795,1977,"Asia",11210.08948,2325300
71.76,1982,"Asia",15169.16112,2651869
73.56,1987,"Asia",18861.53081,2794552
75.788,1992,"Asia",24769.8912,3235865
77.158,1997,"Asia",33519.4766,3802309
78.77,2002,"Asia",36023.1054,4197776
79.972,2007,"Asia",47143.17964,4553009
64.36,1952,"Europe",5074.659104,3558137
67.45,1957,"Europe",6093.26298,3844277
70.33,1962,"Europe",7481.107598,4237384
70.98,1967,"Europe",8412.902397,4442238
70.35,1972,"Europe",9674.167626,4593433
70.45,1977,"Europe",10922.66404,4827803
70.8,1982,"Europe",11348.54585,5048043
71.08,1987,"Europe",12037.26758,5199318
71.38,1992,"Europe",9498.467723,5302888
72.71,1997,"Europe",12126.23065,5383010
73.8,2002,"Europe",13638.77837,5410052
74.663,2007,"Europe",18678.31435,5447502
65.57,1952,"Europe",4215.041741,1489518
67.85,1957,"Europe",5862.276629,1533070
69.15,1962,"Europe",7402.303395,1582962
69.18,1967,"Europe",9405.489397,1646912
69.82,1972,"Europe",12383.4862,1694510
70.97,1977,"Europe",15277.03017,1746919
71.063,1982,"Europe",17866.72175,1861252
72.25,1987,"Europe",18678.53492,1945870
73.64,1992,"Europe",14214.71681,1999210
75.13,1997,"Europe",17161.10735,2011612
76.66,2002,"Europe",20660.01936,2011497
77.926,2007,"Europe",25768.25759,2009245
32.978,1952,"Africa",1135.749842,2526994
34.977,1957,"Africa",1258.147413,2780415
36.981,1962,"Africa",1369.488336,3080153
38.977,1967,"Africa",1284.73318,3428839
40.973,1972,"Africa",1254.576127,3840161
41.974,1977,"Africa",1450.992513,4353666
42.955,1982,"Africa",1176.807031,5828892
44.501,1987,"Africa",1093.244963,6921858
39.658,1992,"Africa",926.9602964,6099799
43.795,1997,"Africa",930.5964284,6633514
45.936,2002,"Africa",882.0818218,7753310
48.159,2007,"Africa",926.1410683,9118773
45.009,1952,"Africa",4725.295531,14264935
47.985,1957,"Africa",5487.104219,16151549
49.951,1962,"Africa",5768.729717,18356657
51.927,1967,"Africa",7114.477971,20997321
53.696,1972,"Africa",7765.962636,23935810
55.527,1977,"Africa",8028.651439,27129932
58.161,1982,"Africa",8568.266228,31140029
60.834,1987,"Africa",7825.823398,35933379
61.888,1992,"Africa",7225.069258,39964159
60.236,1997,"Africa",7479.188244,42835005
53.365,2002,"Africa",7710.946444,44433622
49.339,2007,"Africa",9269.657808,43997828
64.94,1952,"Europe",3834.034742,28549870
66.66,1957,"Europe",4564.80241,29841614
69.69,1962,"Europe",5693.843879,31158061
71.44,1967,"Europe",7993.512294,32850275
73.06,1972,"Europe",10638.75131,34513161
74.39,1977,"Europe",13236.92117,36439000
76.3,1982,"Europe",13926.16997,37983310
76.9,1987,"Europe",15764.98313,38880702
77.57,1992,"Europe",18603.06452,39549438
78.77,1997,"Europe",20445.29896,39855442
79.78,2002,"Europe",24835.47166,40152517
80.941,2007,"Europe",28821.0637,40448191
57.593,1952,"Asia",1083.53203,7982342
61.456,1957,"Asia",1072.546602,9128546
62.192,1962,"Asia",1074.47196,10421936
64.266,1967,"Asia",1135.514326,11737396
65.042,1972,"Asia",1213.39553,13016733
65.949,1977,"Asia",1348.775651,14116836
68.757,1982,"Asia",1648.079789,15410151
69.011,1987,"Asia",1876.766827,16495304
70.379,1992,"Asia",2153.739222,17587060
70.457,1997,"Asia",2664.477257,18698655
70.815,2002,"Asia",3015.378833,19576783
72.396,2007,"Asia",3970.095407,20378239
38.635,1952,"Africa",1615.991129,8504667
39.624,1957,"Africa",1770.337074,9753392
40.87,1962,"Africa",1959.593767,11183227
42.858,1967,"Africa",1687.997641,12716129
45.083,1972,"Africa",1659.652775,14597019
47.8,1977,"Africa",2202.988423,17104986
50.338,1982,"Africa",1895.544073,20367053
51.744,1987,"Africa",1507.819159,24725960
53.556,1992,"Africa",1492.197043,28227588
55.373,1997,"Africa",1632.210764,32160729
56.369,2002,"Africa",1993.398314,37090298
58.556,2007,"Africa",2602.394995,42292929
41.407,1952,"Africa",1148.376626,290243
43.424,1957,"Africa",1244.708364,326741
44.992,1962,"Africa",1856.182125,370006
46.633,1967,"Africa",2613.101665,420690
49.552,1972,"Africa",3364.836625,480105
52.537,1977,"Africa",3781.410618,551425
55.561,1982,"Africa",3895.384018,649901
57.678,1987,"Africa",3984.839812,779348
58.474,1992,"Africa",3553.0224,962344
54.289,1997,"Africa",3876.76846,1054486
43.869,2002,"Africa",4128.116943,1130269
39.613,2007,"Africa",4513.480643,1133066
71.86,1952,"Europe",8527.844662,7124673
72.49,1957,"Europe",9911.878226,7363802
73.37,1962,"Europe",12329.44192,7561588
74.16,1967,"Europe",15258.29697,7867931
74.72,1972,"Europe",17832.02464,8122293
75.44,1977,"Europe",18855.72521,8251648
76.42,1982,"Europe",20667.38125,8325260
77.19,1987,"Europe",23586.92927,8421403
78.16,1992,"Europe",23880.01683,8718867
79.39,1997,"Europe",25266.59499,8897619
80.04,2002,"Europe",29341.63093,8954175
80.884,2007,"Europe",33859.74835,9031088
69.62,1952,"Europe",14734.23275,4815000
70.56,1957,"Europe",17909.48973,5126000
71.32,1962,"Europe",20431.0927,5666000
72.77,1967,"Europe",22966.14432,6063000
73.78,1972,"Europe",27195.11304,6401400
75.39,1977,"Europe",26982.29052,6316424
76.21,1982,"Europe",28397.71512,6468126
77.41,1987,"Europe",30281.70459,6649942
78.03,1992,"Europe",31871.5303,6995447
79.37,1997,"Europe",32135.32301,7193761
80.62,2002,"Europe",34480.95771,7361757
81.701,2007,"Europe",37506.41907,7554661
45.883,1952,"Asia",1643.485354,3661549
48.284,1957,"Asia",2117.234893,4149908
50.305,1962,"Asia",2193.037133,4834621
53.655,1967,"Asia",1881.923632,5680812
57.296,1972,"Asia",2571.423014,6701172
61.195,1977,"Asia",3195.484582,7932503
64.59,1982,"Asia",3761.837715,9410494
66.974,1987,"Asia",3116.774285,11242847
69.249,1992,"Asia",3340.542768,13219062
71.527,1997,"Asia",4014.238972,15081016
73.053,2002,"Asia",4090.925331,17155814
74.143,2007,"Asia",4184.548089,19314747
58.5,1952,"Asia",1206.947913,8550362
62.4,1957,"Asia",1507.86129,10164215
65.2,1962,"Asia",1822.879028,11918938
67.5,1967,"Asia",2643.858681,13648692
69.39,1972,"Asia",4062.523897,15226039
70.59,1977,"Asia",5596.519826,16785196
72.16,1982,"Asia",7426.354774,18501390
73.4,1987,"Asia",11054.56175,19757799
74.26,1992,"Asia",15215.6579,20686918
75.25,1997,"Asia",20206.82098,21628605
76.99,2002,"Asia",23235.42329,22454239
78.4,2007,"Asia",28718.27684,23174294
41.215,1952,"Africa",716.6500721,8322925
42.974,1957,"Africa",698.5356073,9452826
44.246,1962,"Africa",722.0038073,10863958
45.757,1967,"Africa",848.2186575,12607312
47.62,1972,"Africa",915.9850592,14706593
49.919,1977,"Africa",962.4922932,17129565
50.608,1982,"Africa",874.2426069,19844382
51.535,1987,"Africa",831.8220794,23040630
50.44,1992,"Africa",825.682454,26605473
48.466,1997,"Africa",789.1862231,30686889
49.651,2002,"Africa",899.0742111,34593779
52.517,2007,"Africa",1107.482182,38139640
50.848,1952,"Asia",757.7974177,21289402
53.63,1957,"Asia",793.5774148,25041917
56.061,1962,"Asia",1002.199172,29263397
58.285,1967,"Asia",1295.46066,34024249
60.405,1972,"Asia",1524.358936,39276153
62.494,1977,"Asia",1961.224635,44148285
64.597,1982,"Asia",2393.219781,48827160
66.084,1987,"Asia",2982.653773,52910342
67.298,1992,"Asia",4616.896545,56667095
67.521,1997,"Asia",5852.625497,60216677
68.564,2002,"Asia",5913.187529,62806748
70.616,2007,"Asia",7458.396327,65068149
38.596,1952,"Africa",859.8086567,1219113
41.208,1957,"Africa",925.9083202,1357445
43.922,1962,"Africa",1067.53481,1528098
46.769,1967,"Africa",1477.59676,1735550
49.759,1972,"Africa",1649.660188,2056351
52.887,1977,"Africa",1532.776998,2308582
55.471,1982,"Africa",1344.577953,2644765
56.941,1987,"Africa",1202.201361,3154264
58.061,1992,"Africa",1034.298904,3747553
58.39,1997,"Africa",982.2869243,4320890
57.561,2002,"Africa",886.2205765,4977378
58.42,2007,"Africa",882.9699438,5701579
59.1,1952,"Americas",3023.271928,662850
61.8,1957,"Americas",4100.3934,764900
64.9,1962,"Americas",4997.523971,887498
65.4,1967,"Americas",5621.368472,960155
65.9,1972,"Americas",6619.551419,975199
68.3,1977,"Americas",7899.554209,1039009
68.832,1982,"Americas",9119.528607,1116479
69.582,1987,"Americas",7388.597823,1191336
69.862,1992,"Americas",7370.990932,1183669
69.465,1997,"Americas",8792.573126,1138101
68.976,2002,"Americas",11460.60023,1101832
69.819,2007,"Americas",18008.50924,1056608
44.6,1952,"Africa",1468.475631,3647735
47.1,1957,"Africa",1395.232468,3950849
49.579,1962,"Africa",1660.30321,4286552
52.053,1967,"Africa",1932.360167,4786986
55.602,1972,"Africa",2753.285994,5303507
59.837,1977,"Africa",3120.876811,6005061
64.048,1982,"Africa",3560.233174,6734098
66.894,1987,"Africa",3810.419296,7724976
70.001,1992,"Africa",4332.720164,8523077
71.973,1997,"Africa",4876.798614,9231669
73.042,2002,"Africa",5722.895655,9770575
73.923,2007,"Africa",7092.923025,10276158
43.585,1952,"Europe",1969.10098,22235677
48.079,1957,"Europe",2218.754257,25670939
52.098,1962,"Europe",2322.869908,29788695
54.336,1967,"Europe",2826.356387,33411317
57.005,1972,"Europe",3450.69638,37492953
59.507,1977,"Europe",4269.122326,42404033
61.036,1982,"Europe",4241.356344,47328791
63.108,1987,"Europe",5089.043686,52881328
66.146,1992,"Europe",5678.348271,58179144
68.835,1997,"Europe",6601.429915,63047647
70.845,2002,"Europe",6508.085718,67308928
71.777,2007,"Europe",8458.276384,71158647
39.978,1952,"Africa",734.753484,5824797
42.571,1957,"Africa",774.3710692,6675501
45.344,1962,"Africa",767.2717398,7688797
48.051,1967,"Africa",908.9185217,8900294
51.016,1972,"Africa",950.735869,10190285
50.35,1977,"Africa",843.7331372,11457758
49.849,1982,"Africa",682.2662268,12939400
51.509,1987,"Africa",617.7244065,15283050
48.825,1992,"Africa",644.1707969,18252190
44.578,1997,"Africa",816.559081,21210254
47.813,2002,"Africa",927.7210018,24739869
51.542,2007,"Africa",1056.380121,29170398
69.18,1952,"Europe",9979.508487,50430000
70.42,1957,"Europe",11283.17795,51430000
70.76,1962,"Europe",12477.17707,53292000
71.36,1967,"Europe",14142.85089,54959000
72.01,1972,"Europe",15895.11641,56079000
72.76,1977,"Europe",17428.74846,56179000
74.04,1982,"Europe",18232.42452,56339704
75.007,1987,"Europe",21664.78767,56981620
76.42,1992,"Europe",22705.09254,57866349
77.218,1997,"Europe",26074.53136,58808266
78.471,2002,"Europe",29478.99919,59912431
79.425,2007,"Europe",33203.26128,60776238
68.44,1952,"Americas",13990.48208,157553000
69.49,1957,"Americas",14847.12712,171984000
70.21,1962,"Americas",16173.14586,186538000
70.76,1967,"Americas",19530.36557,198712000
71.34,1972,"Americas",21806.03594,209896000
73.38,1977,"Americas",24072.63213,220239000
74.65,1982,"Americas",25009.55914,232187835
75.02,1987,"Americas",29884.35041,242803533
76.09,1992,"Americas",32003.93224,256894189
76.81,1997,"Americas",35767.43303,272911760
77.31,2002,"Americas",39097.09955,287675526
78.242,2007,"Americas",42951.65309,301139947
66.071,1952,"Americas",5716.766744,2252965
67.044,1957,"Americas",6150.772969,2424959
68.253,1962,"Americas",5603.357717,2598466
68.468,1967,"Americas",5444.61962,2748579
68.673,1972,"Americas",5703.408898,2829526
69.481,1977,"Americas",6504.339663,2873520
70.805,1982,"Americas",6920.223051,2953997
71.918,1987,"Americas",7452.398969,3045153
72.752,1992,"Americas",8137.004775,3149262
74.223,1997,"Americas",9230.240708,3262838
75.307,2002,"Americas",7727.002004,3363085
76.384,2007,"Americas",10611.46299,3447496
55.088,1952,"Americas",7689.799761,5439568
57.907,1957,"Americas",9802.466526,6702668
60.77,1962,"Americas",8422.974165,8143375
63.479,1967,"Americas",9541.474188,9709552
65.712,1972,"Americas",10505.25966,11515649
67.456,1977,"Americas",13143.95095,13503563
68.557,1982,"Americas",11152.41011,15620766
70.19,1987,"Americas",9883.584648,17910182
71.15,1992,"Americas",10733.92631,20265563
72.146,1997,"Americas",10165.49518,22374398
72.766,2002,"Americas",8605.047831,24287670
73.747,2007,"Americas",11415.80569,26084662
40.412,1952,"Asia",605.0664917,26246839
42.887,1957,"Asia",676.2854478,28998543
45.363,1962,"Asia",772.0491602,33796140
47.838,1967,"Asia",637.1232887,39463910
50.254,1972,"Asia",699.5016441,44655014
55.764,1977,"Asia",713.5371196,50533506
58.816,1982,"Asia",707.2357863,56142181
62.82,1987,"Asia",820.7994449,62826491
67.662,1992,"Asia",989.0231487,69940728
70.672,1997,"Asia",1385.896769,76048996
73.017,2002,"Asia",1764.456677,80908147
74.249,2007,"Asia",2441.576404,85262356
43.16,1952,"Asia",1515.592329,1030585
45.671,1957,"Asia",1827.067742,1070439
48.127,1962,"Asia",2198.956312,1133134
51.631,1967,"Asia",2649.715007,1142636
56.532,1972,"Asia",3133.409277,1089572
60.765,1977,"Asia",3682.831494,1261091
64.406,1982,"Asia",4336.032082,1425876
67.046,1987,"Asia",5107.197384,1691210
69.718,1992,"Asia",6017.654756,2104779
71.096,1997,"Asia",7110.667619,2826046
72.37,2002,"Asia",4515.487575,3389578
73.422,2007,"Asia",3025.349798,4018332
32.548,1952,"Asia",781.7175761,4963829
33.97,1957,"Asia",804.8304547,5498090
35.18,1962,"Asia",825.6232006,6120081
36.984,1967,"Asia",862.4421463,6740785
39.848,1972,"Asia",1265.047031,7407075
44.175,1977,"Asia",1829.765177,8403990
49.113,1982,"Asia",1977.55701,9657618
52.922,1987,"Asia",1971.741538,11219340
55.599,1992,"Asia",1879.496673,13367997
58.02,1997,"Asia",2117.484526,15826497
60.308,2002,"Asia",2234.820827,18701257
62.698,2007,"Asia",2280.769906,22211743
42.038,1952,"Africa",1147.388831,2672000
44.077,1957,"Africa",1311.956766,3016000
46.023,1962,"Africa",1452.725766,3421000
47.768,1967,"Africa",1777.077318,3900000
50.107,1972,"Africa",1773.498265,4506497
51.386,1977,"Africa",1588.688299,5216550
51.821,1982,"Africa",1408.678565,6100407
50.821,1987,"Africa",1213.315116,7272406
46.1,1992,"Africa",1210.884633,8381163
40.238,1997,"Africa",1071.353818,9417789
39.193,2002,"Africa",1071.613938,10595811
42.384,2007,"Africa",1271.211593,11746035
48.451,1952,"Africa",406.8841148,3080907
50.469,1957,"Africa",518.7642681,3646340
52.358,1962,"Africa",527.2721818,4277736
53.995,1967,"Africa",569.7950712,4995432
55.635,1972,"Africa",799.3621758,5861135
57.674,1977,"Africa",685.5876821,6642107
60.363,1982,"Africa",788.8550411,7636524
62.351,1987,"Africa",706.1573059,9216418
60.377,1992,"Africa",693.4207856,10704340
46.809,1997,"Africa",792.4499603,11404948
39.989,2002,"Africa",672.0386227,11926563
43.487,2007,"Africa",469.7092981,12311143
