"PlayerID";"ThrowNum";"Angle";"Made";"SpecialRim";"Position"
1;1;39;1;0;"C"
1;2;39;1;0;"C"
1;3;45;1;0;"C"
1;4;36;0;0;"C"
1;5;38;0;0;"C"
1;6;41;1;0;"C"
1;7;38;0;0;"C"
1;8;37;0;0;"C"
1;9;37;0;0;"C"
1;10;43;1;0;"C"
1;11;46;1;0;"C"
1;12;35;1;0;"C"
1;13;37;0;0;"C"
1;14;37;1;0;"C"
1;15;37;1;0;"C"
1;16;41;0;0;"C"
1;17;39;0;0;"C"
1;18;37;1;0;"C"
1;19;36;1;0;"C"
1;20;40;1;0;"C"
1;21;37;0;0;"C"
1;22;48;1;0;"C"
1;23;40;0;0;"C"
1;24;38;0;0;"C"
1;25;38;1;0;"C"
1;26;39;0;0;"C"
1;27;43;1;0;"C"
1;28;42;1;0;"C"
1;29;44;1;0;"C"
1;30;36;0;0;"C"
1;31;44;0;0;"C"
1;32;42;0;0;"C"
1;33;44;0;0;"C"
1;34;44;1;0;"C"
1;35;43;1;0;"C"
1;36;41;1;0;"C"
1;37;36;1;0;"C"
1;38;40;1;0;"C"
1;39;40;1;0;"C"
1;40;36;0;0;"C"
1;41;40;1;0;"C"
1;42;47;1;0;"C"
1;43;38;1;0;"C"
1;44;45;1;0;"C"
1;45;43;1;0;"C"
1;46;43;0;0;"C"
1;47;43;1;0;"C"
1;48;45;1;0;"C"
1;49;42;1;0;"C"
1;50;39;0;0;"C"
1;51;39;0;0;"C"
1;52;44;1;0;"C"
1;53;43;1;0;"C"
1;54;46;1;0;"C"
1;55;45;1;0;"C"
1;56;48;1;0;"C"
1;57;48;1;0;"C"
1;58;34;1;0;"C"
1;59;40;0;0;"C"
1;60;44;1;0;"C"
1;1;38;1;1;"C"
1;2;38;0;1;"C"
1;3;41;1;1;"C"
1;4;43;1;1;"C"
1;5;40;0;1;"C"
1;6;40;0;1;"C"
1;7;40;0;1;"C"
1;8;45;0;1;"C"
1;9;43;0;1;"C"
1;10;44;1;1;"C"
1;11;37;0;1;"C"
1;12;32;0;1;"C"
1;13;33;0;1;"C"
1;14;35;0;1;"C"
1;15;43;1;1;"C"
1;16;41;0;1;"C"
1;17;39;0;1;"C"
1;18;39;1;1;"C"
1;19;37;0;1;"C"
1;20;34;1;1;"C"
1;21;38;0;1;"C"
1;22;47;1;1;"C"
1;23;50;0;1;"C"
1;24;44;1;1;"C"
1;25;45;0;1;"C"
1;26;35;0;1;"C"
1;27;39;0;1;"C"
1;28;43;1;1;"C"
1;29;41;1;1;"C"
1;30;30;0;1;"C"
1;31;33;0;1;"C"
1;32;46;1;1;"C"
1;33;42;1;1;"C"
1;34;38;0;1;"C"
1;35;35;0;1;"C"
1;36;42;0;1;"C"
1;37;30;0;1;"C"
1;38;36;0;1;"C"
1;39;42;0;1;"C"
1;40;41;1;1;"C"
1;41;40;1;1;"C"
1;42;37;0;1;"C"
1;43;44;1;1;"C"
1;44;43;1;1;"C"
1;45;38;0;1;"C"
1;46;42;0;1;"C"
1;47;39;0;1;"C"
1;48;38;0;1;"C"
1;49;41;1;1;"C"
1;50;38;1;1;"C"
1;51;35;0;1;"C"
1;52;37;0;1;"C"
1;53;31;0;1;"C"
1;54;36;0;1;"C"
1;55;41;0;1;"C"
1;56;40;0;1;"C"
1;57;31;0;1;"C"
1;58;36;1;1;"C"
1;59;41;0;1;"C"
1;60;46;0;1;"C"
2;1;44;0;0;"G"
2;2;44;1;0;"G"
2;3;46;1;0;"G"
2;4;46;1;0;"G"
2;5;47;1;0;"G"
2;6;47;1;0;"G"
2;7;42;1;0;"G"
2;8;44;1;0;"G"
2;9;42;1;0;"G"
2;10;38;1;0;"G"
2;11;44;1;0;"G"
2;12;44;1;0;"G"
2;13;45;0;0;"G"
2;14;43;1;0;"G"
2;15;43;1;0;"G"
2;16;44;1;0;"G"
2;17;44;1;0;"G"
2;18;41;1;0;"G"
2;19;40;1;0;"G"
2;20;42;1;0;"G"
2;21;41;1;0;"G"
2;22;43;1;0;"G"
2;23;43;1;0;"G"
2;24;43;1;0;"G"
2;25;39;1;0;"G"
2;26;37;1;0;"G"
2;27;40;1;0;"G"
2;28;40;0;0;"G"
2;29;41;0;0;"G"
2;30;40;1;0;"G"
2;31;45;1;0;"G"
2;32;39;1;0;"G"
2;33;46;1;0;"G"
2;34;40;1;0;"G"
2;35;40;1;0;"G"
2;36;39;0;0;"G"
2;37;45;1;0;"G"
2;38;45;1;0;"G"
2;39;40;1;0;"G"
2;40;42;1;0;"G"
2;41;46;1;0;"G"
2;42;40;1;0;"G"
2;43;43;1;0;"G"
2;44;38;1;0;"G"
2;45;41;0;0;"G"
2;46;40;1;0;"G"
2;47;42;1;0;"G"
2;48;42;1;0;"G"
2;49;42;1;0;"G"
2;50;46;1;0;"G"
2;51;39;1;0;"G"
2;52;39;1;0;"G"
2;53;39;1;0;"G"
2;54;40;0;0;"G"
2;55;44;1;0;"G"
2;56;41;1;0;"G"
2;57;41;1;0;"G"
2;58;44;1;0;"G"
2;59;44;1;0;"G"
2;60;46;1;0;"G"
2;1;41;1;1;"G"
2;2;42;1;1;"G"
2;3;42;1;1;"G"
2;4;46;1;1;"G"
2;5;40;1;1;"G"
2;6;38;1;1;"G"
2;7;38;1;1;"G"
2;8;44;1;1;"G"
2;9;40;0;1;"G"
2;10;40;1;1;"G"
2;11;42;0;1;"G"
2;12;38;1;1;"G"
2;13;36;1;1;"G"
2;14;36;0;1;"G"
2;15;38;0;1;"G"
2;16;38;1;1;"G"
2;17;37;0;1;"G"
2;18;40;1;1;"G"
2;19;39;1;1;"G"
2;20;42;1;1;"G"
2;21;39;1;1;"G"
2;22;41;1;1;"G"
2;23;37;1;1;"G"
2;24;37;0;1;"G"
2;25;44;1;1;"G"
2;26;41;0;1;"G"
2;27;39;0;1;"G"
2;28;40;0;1;"G"
2;29;38;1;1;"G"
2;30;37;1;1;"G"
2;31;38;0;1;"G"
2;32;38;1;1;"G"
2;33;43;1;1;"G"
2;34;40;1;1;"G"
2;35;40;0;1;"G"
2;36;40;0;1;"G"
2;37;40;1;1;"G"
2;38;41;1;1;"G"
2;39;46;1;1;"G"
2;40;33;0;1;"G"
2;41;41;1;1;"G"
2;42;41;1;1;"G"
2;43;43;0;1;"G"
2;44;38;1;1;"G"
2;45;40;1;1;"G"
2;46;39;1;1;"G"
2;47;41;0;1;"G"
2;48;38;1;1;"G"
2;49;41;1;1;"G"
2;50;50;1;1;"G"
2;51;35;1;1;"G"
2;52;38;0;1;"G"
2;53;40;1;1;"G"
2;54;37;1;1;"G"
2;55;38;0;1;"G"
2;56;46;1;1;"G"
2;57;39;1;1;"G"
2;58;40;1;1;"G"
2;59;38;1;1;"G"
2;60;35;1;1;"G"
3;1;43;1;0;"F"
3;2;44;1;0;"F"
3;3;40;0;0;"F"
3;4;45;1;0;"F"
3;5;42;1;0;"F"
3;6;45;1;0;"F"
3;7;43;1;0;"F"
3;8;40;0;0;"F"
3;9;43;1;0;"F"
3;10;46;1;0;"F"
3;11;44;1;0;"F"
3;12;46;1;0;"F"
3;13;47;1;0;"F"
3;14;40;1;0;"F"
3;15;45;1;0;"F"
3;16;39;0;0;"F"
3;17;40;1;0;"F"
3;18;42;1;0;"F"
3;19;43;1;0;"F"
3;20;46;1;0;"F"
3;21;43;1;0;"F"
3;22;42;1;0;"F"
3;23;44;1;0;"F"
3;24;44;1;0;"F"
3;25;45;1;0;"F"
3;26;44;1;0;"F"
3;27;42;1;0;"F"
3;28;47;1;0;"F"
3;29;40;1;0;"F"
3;30;43;1;0;"F"
3;31;43;1;0;"F"
3;32;45;1;0;"F"
3;33;42;1;0;"F"
3;34;41;0;0;"F"
3;35;40;1;0;"F"
3;36;40;1;0;"F"
3;37;41;1;0;"F"
3;38;39;1;0;"F"
3;39;43;1;0;"F"
3;40;44;1;0;"F"
3;41;41;1;0;"F"
3;42;41;1;0;"F"
3;43;36;0;0;"F"
3;44;40;1;0;"F"
3;45;42;1;0;"F"
3;46;40;1;0;"F"
3;47;36;1;0;"F"
3;48;37;1;0;"F"
3;49;39;0;0;"F"
3;50;45;1;0;"F"
3;51;42;1;0;"F"
3;52;45;1;0;"F"
3;53;40;1;0;"F"
3;54;41;1;0;"F"
3;55;39;1;0;"F"
3;56;41;1;0;"F"
3;57;41;1;0;"F"
3;58;44;1;0;"F"
3;59;41;1;0;"F"
3;60;42;1;0;"F"
3;1;44;1;1;"F"
3;2;41;0;1;"F"
3;3;42;0;1;"F"
3;4;43;1;1;"F"
3;5;43;0;1;"F"
3;6;46;0;1;"F"
3;7;47;1;1;"F"
3;8;47;0;1;"F"
3;9;45;0;1;"F"
3;10;45;0;1;"F"
3;11;44;1;1;"F"
3;12;49;0;1;"F"
3;13;38;0;1;"F"
3;14;39;0;1;"F"
3;15;39;1;1;"F"
3;16;40;0;1;"F"
3;17;42;0;1;"F"
3;18;43;1;1;"F"
3;19;42;1;1;"F"
3;20;40;1;1;"F"
3;21;43;1;1;"F"
3;22;49;1;1;"F"
3;23;44;0;1;"F"
3;24;39;0;1;"F"
3;25;45;1;1;"F"
3;26;43;1;1;"F"
3;27;43;1;1;"F"
3;28;42;1;1;"F"
3;29;43;1;1;"F"
3;30;40;0;1;"F"
3;31;40;1;1;"F"
3;32;45;0;1;"F"
3;33;48;1;1;"F"
3;34;47;0;1;"F"
3;35;42;0;1;"F"
3;36;41;0;1;"F"
3;37;42;0;1;"F"
3;38;44;1;1;"F"
3;39;36;0;1;"F"
3;40;46;1;1;"F"
3;41;44;0;1;"F"
3;42;45;1;1;"F"
3;43;49;1;1;"F"
3;44;43;1;1;"F"
3;45;41;1;1;"F"
3;46;44;0;1;"F"
3;47;42;1;1;"F"
3;48;43;1;1;"F"
3;49;43;1;1;"F"
3;50;50;1;1;"F"
3;51;47;1;1;"F"
3;52;45;0;1;"F"
3;53;44;1;1;"F"
3;54;45;0;1;"F"
3;55;46;0;1;"F"
3;56;48;1;1;"F"
3;57;48;1;1;"F"
3;58;45;0;1;"F"
3;59;44;0;1;"F"
3;60;49;0;1;"F"
4;1;47;1;0;"G"
4;2;51;0;0;"G"
4;3;49;1;0;"G"
4;4;49;0;0;"G"
4;5;50;0;0;"G"
4;6;49;1;0;"G"
4;7;53;1;0;"G"
4;8;51;1;0;"G"
4;9;48;1;0;"G"
4;10;51;1;0;"G"
4;11;52;1;0;"G"
4;12;52;1;0;"G"
4;13;53;1;0;"G"
4;14;49;1;0;"G"
4;15;54;1;0;"G"
4;16;51;1;0;"G"
4;17;51;1;0;"G"
4;18;51;1;0;"G"
4;19;51;0;0;"G"
4;20;53;1;0;"G"
4;21;52;1;0;"G"
4;22;53;1;0;"G"
4;23;52;1;0;"G"
4;24;55;1;0;"G"
4;25;50;1;0;"G"
4;26;51;1;0;"G"
4;27;51;1;0;"G"
4;28;51;1;0;"G"
4;29;50;1;0;"G"
4;30;50;1;0;"G"
4;31;50;1;0;"G"
4;32;49;1;0;"G"
4;33;49;1;0;"G"
4;34;52;1;0;"G"
4;35;51;1;0;"G"
4;36;54;1;0;"G"
4;37;51;1;0;"G"
4;38;51;1;0;"G"
4;39;54;1;0;"G"
4;40;52;1;0;"G"
4;41;45;1;0;"G"
4;42;50;1;0;"G"
4;43;49;0;0;"G"
4;44;49;1;0;"G"
4;45;50;1;0;"G"
4;46;45;0;0;"G"
4;47;50;1;0;"G"
4;48;49;1;0;"G"
4;49;49;1;0;"G"
4;50;49;1;0;"G"
4;51;49;1;0;"G"
4;52;52;1;0;"G"
4;53;49;1;0;"G"
4;54;46;0;0;"G"
4;55;49;0;0;"G"
4;56;46;0;0;"G"
4;57;47;0;0;"G"
4;58;47;1;0;"G"
4;59;50;1;0;"G"
4;60;50;1;0;"G"
4;1;51;1;1;"G"
4;2;48;1;1;"G"
4;3;49;1;1;"G"
4;4;46;0;1;"G"
4;5;45;1;1;"G"
4;6;46;1;1;"G"
4;7;46;0;1;"G"
4;8;47;1;1;"G"
4;9;47;0;1;"G"
4;10;52;1;1;"G"
4;11;49;1;1;"G"
4;12;48;0;1;"G"
4;13;51;1;1;"G"
4;14;52;1;1;"G"
4;15;48;1;1;"G"
4;16;51;1;1;"G"
4;17;49;0;1;"G"
4;18;46;0;1;"G"
4;19;51;1;1;"G"
4;20;50;1;1;"G"
4;21;35;0;1;"G"
4;22;40;0;1;"G"
4;23;36;0;1;"G"
4;24;38;0;1;"G"
4;25;37;1;1;"G"
4;26;30;0;1;"G"
4;27;33;0;1;"G"
4;28;38;1;1;"G"
4;29;34;1;1;"G"
4;30;36;1;1;"G"
4;31;48;1;1;"G"
4;32;43;1;1;"G"
4;33;47;1;1;"G"
4;34;48;1;1;"G"
4;35;50;1;1;"G"
4;36;46;0;1;"G"
4;37;48;1;1;"G"
4;38;49;0;1;"G"
4;39;49;1;1;"G"
4;40;50;1;1;"G"
4;41;50;0;1;"G"
4;42;51;1;1;"G"
4;43;44;1;1;"G"
4;44;50;1;1;"G"
4;45;46;1;1;"G"
4;46;45;1;1;"G"
4;47;47;0;1;"G"
4;48;50;1;1;"G"
4;49;48;0;1;"G"
4;50;45;1;1;"G"
4;51;51;1;1;"G"
4;52;51;1;1;"G"
4;53;48;0;1;"G"
4;54;48;0;1;"G"
4;55;49;0;1;"G"
4;56;50;1;1;"G"
4;57;50;1;1;"G"
4;58;49;0;1;"G"
4;59;44;0;1;"G"
4;60;50;1;1;"G"
5;1;37;1;0;"F"
5;2;32;1;0;"F"
5;3;38;1;0;"F"
5;4;32;1;0;"F"
5;5;33;0;0;"F"
5;6;31;0;0;"F"
5;7;40;1;0;"F"
5;8;38;1;0;"F"
5;9;41;1;0;"F"
5;10;40;1;0;"F"
5;11;51;1;0;"F"
5;12;39;1;0;"F"
5;13;38;1;0;"F"
5;14;38;1;0;"F"
5;15;36;0;0;"F"
5;16;38;1;0;"F"
5;17;40;1;0;"F"
5;18;33;1;0;"F"
5;19;33;1;0;"F"
5;20;39;1;0;"F"
5;21;36;0;0;"F"
5;22;35;1;0;"F"
5;23;35;1;0;"F"
5;24;40;1;0;"F"
5;25;40;0;0;"F"
5;26;39;1;0;"F"
5;27;38;1;0;"F"
5;28;32;0;0;"F"
5;29;38;1;0;"F"
5;30;38;1;0;"F"
5;31;36;0;0;"F"
5;32;36;1;0;"F"
5;33;37;1;0;"F"
5;34;34;1;0;"F"
5;35;43;1;0;"F"
5;36;40;0;0;"F"
5;37;38;0;0;"F"
5;38;37;1;0;"F"
5;39;35;0;0;"F"
5;40;38;1;0;"F"
5;41;39;1;0;"F"
5;42;33;0;0;"F"
5;43;35;0;0;"F"
5;44;35;1;0;"F"
5;45;35;1;0;"F"
5;46;37;1;0;"F"
5;47;37;1;0;"F"
5;48;33;0;0;"F"
5;49;34;0;0;"F"
5;50;42;1;0;"F"
5;51;39;1;0;"F"
5;52;31;1;0;"F"
5;53;38;1;0;"F"
5;54;31;0;0;"F"
5;55;38;1;0;"F"
5;56;37;1;0;"F"
5;57;41;1;0;"F"
5;58;32;0;0;"F"
5;59;37;0;0;"F"
5;60;38;1;0;"F"
5;1;35;1;1;"F"
5;2;35;1;1;"F"
5;3;29;0;1;"F"
5;4;35;1;1;"F"
5;5;38;0;1;"F"
5;6;36;1;1;"F"
5;7;36;0;1;"F"
5;8;40;1;1;"F"
5;9;35;0;1;"F"
5;10;34;1;1;"F"
5;11;35;1;1;"F"
5;12;26;0;1;"F"
5;13;26;0;1;"F"
5;14;37;0;1;"F"
5;15;32;0;1;"F"
5;16;35;0;1;"F"
5;17;42;1;1;"F"
5;18;34;0;1;"F"
5;19;38;1;1;"F"
5;20;31;0;1;"F"
5;21;39;1;1;"F"
5;22;33;1;1;"F"
5;23;36;1;1;"F"
5;24;33;0;1;"F"
5;25;36;1;1;"F"
5;26;36;0;1;"F"
5;27;36;1;1;"F"
5;28;36;1;1;"F"
5;29;36;0;1;"F"
5;30;37;0;1;"F"
5;31;39;0;1;"F"
5;32;28;0;1;"F"
5;33;33;0;1;"F"
5;34;30;0;1;"F"
5;35;33;0;1;"F"
5;36;38;0;1;"F"
5;37;36;0;1;"F"
5;38;36;0;1;"F"
5;39;37;1;1;"F"
5;40;35;1;1;"F"
5;41;35;0;1;"F"
5;42;29;0;1;"F"
5;43;29;1;1;"F"
5;44;30;1;1;"F"
5;45;34;1;1;"F"
5;46;35;0;1;"F"
5;47;39;1;1;"F"
5;48;30;0;1;"F"
5;49;27;0;1;"F"
5;50;29;1;1;"F"
5;51;33;0;1;"F"
5;52;36;1;1;"F"
5;53;39;0;1;"F"
5;54;34;0;1;"F"
5;55;37;0;1;"F"
5;56;30;1;1;"F"
5;57;39;1;1;"F"
5;58;40;1;1;"F"
5;59;39;0;1;"F"
5;60;35;1;1;"F"
6;1;49;1;0;"G"
6;2;48;1;0;"G"
6;3;44;1;0;"G"
6;4;45;1;0;"G"
6;5;51;1;0;"G"
6;6;46;1;0;"G"
6;7;45;1;0;"G"
6;8;47;1;0;"G"
6;9;49;1;0;"G"
6;10;50;1;0;"G"
6;11;51;1;0;"G"
6;12;52;1;0;"G"
6;13;50;1;0;"G"
6;14;53;1;0;"G"
6;15;47;0;0;"G"
6;16;47;1;0;"G"
6;17;45;1;0;"G"
6;18;49;1;0;"G"
6;19;44;1;0;"G"
6;20;47;1;0;"G"
6;21;48;1;0;"G"
6;22;46;1;0;"G"
6;23;47;1;0;"G"
6;24;47;1;0;"G"
6;25;49;1;0;"G"
6;26;45;1;0;"G"
6;27;44;1;0;"G"
6;28;47;1;0;"G"
6;29;44;1;0;"G"
6;30;47;1;0;"G"
6;31;48;1;0;"G"
6;32;48;1;0;"G"
6;33;46;1;0;"G"
6;34;45;1;0;"G"
6;35;44;1;0;"G"
6;36;48;1;0;"G"
6;37;42;1;0;"G"
6;38;42;1;0;"G"
6;39;39;1;0;"G"
6;40;39;1;0;"G"
6;41;34;0;0;"G"
6;42;47;1;0;"G"
6;43;41;1;0;"G"
6;44;42;0;0;"G"
6;45;44;1;0;"G"
6;46;49;0;0;"G"
6;47;45;1;0;"G"
6;48;44;1;0;"G"
6;49;44;1;0;"G"
6;50;42;1;0;"G"
6;51;45;1;0;"G"
6;52;48;1;0;"G"
6;53;46;1;0;"G"
6;54;46;1;0;"G"
6;55;50;1;0;"G"
6;56;39;1;0;"G"
6;57;42;1;0;"G"
6;58;46;1;0;"G"
6;59;41;0;0;"G"
6;60;42;1;0;"G"
6;1;44;0;1;"G"
6;2;43;0;1;"G"
6;3;43;1;1;"G"
6;4;45;0;1;"G"
6;5;45;1;1;"G"
6;6;43;1;1;"G"
6;7;44;1;1;"G"
6;8;46;1;1;"G"
6;9;44;1;1;"G"
6;10;48;1;1;"G"
6;11;45;1;1;"G"
6;12;47;1;1;"G"
6;13;40;0;1;"G"
6;14;43;1;1;"G"
6;15;43;0;1;"G"
6;16;43;0;1;"G"
6;17;41;0;1;"G"
6;18;46;0;1;"G"
6;19;39;1;1;"G"
6;20;43;0;1;"G"
6;21;47;1;1;"G"
6;22;42;1;1;"G"
6;23;47;1;1;"G"
6;24;44;0;1;"G"
6;25;44;1;1;"G"
6;26;46;1;1;"G"
6;27;44;1;1;"G"
6;28;42;1;1;"G"
6;29;46;1;1;"G"
6;30;49;1;1;"G"
6;31;45;1;1;"G"
6;32;46;1;1;"G"
6;33;43;0;1;"G"
6;34;44;0;1;"G"
6;35;46;0;1;"G"
6;36;49;1;1;"G"
6;37;43;1;1;"G"
6;38;45;0;1;"G"
6;39;43;0;1;"G"
6;40;45;0;1;"G"
6;41;43;0;1;"G"
6;42;40;1;1;"G"
6;43;47;0;1;"G"
6;44;45;1;1;"G"
6;45;42;0;1;"G"
6;46;42;0;1;"G"
6;47;43;1;1;"G"
6;48;44;1;1;"G"
6;49;41;1;1;"G"
6;50;41;1;1;"G"
6;51;45;0;1;"G"
6;52;46;0;1;"G"
6;53;44;1;1;"G"
6;54;43;1;1;"G"
6;55;37;0;1;"G"
6;56;37;1;1;"G"
6;57;43;1;1;"G"
6;58;42;0;1;"G"
6;59;45;1;1;"G"
6;60;44;1;1;"G"
7;1;39;0;0;"F"
7;2;38;1;0;"F"
7;3;38;0;0;"F"
7;4;34;0;0;"F"
7;5;37;0;0;"F"
7;6;38;0;0;"F"
7;7;30;0;0;"F"
7;8;38;1;0;"F"
7;9;42;1;0;"F"
7;10;36;1;0;"F"
7;11;38;0;0;"F"
7;12;44;1;0;"F"
7;13;40;0;0;"F"
7;14;38;0;0;"F"
7;15;39;1;0;"F"
7;16;38;1;0;"F"
7;17;38;1;0;"F"
7;18;39;1;0;"F"
7;19;34;1;0;"F"
7;20;40;1;0;"F"
7;21;40;0;0;"F"
7;22;38;0;0;"F"
7;23;36;0;0;"F"
7;24;40;1;0;"F"
7;25;34;1;0;"F"
7;26;40;1;0;"F"
7;27;41;1;0;"F"
7;28;39;0;0;"F"
7;29;35;1;0;"F"
7;30;41;1;0;"F"
7;31;33;0;0;"F"
7;32;41;1;0;"F"
7;33;45;1;0;"F"
7;34;40;1;0;"F"
7;35;40;1;0;"F"
7;36;37;1;0;"F"
7;37;41;0;0;"F"
7;38;37;1;0;"F"
7;39;38;1;0;"F"
7;40;35;1;0;"F"
7;41;40;1;0;"F"
7;42;40;1;0;"F"
7;43;38;1;0;"F"
7;44;37;1;0;"F"
7;45;37;1;0;"F"
7;46;39;1;0;"F"
7;47;34;1;0;"F"
7;48;35;0;0;"F"
7;49;41;0;0;"F"
7;50;37;1;0;"F"
7;51;34;1;0;"F"
7;52;40;0;0;"F"
7;53;42;1;0;"F"
7;54;43;1;0;"F"
7;55;41;1;0;"F"
7;56;35;1;0;"F"
7;57;40;0;0;"F"
7;58;37;0;0;"F"
7;59;41;1;0;"F"
7;60;37;1;0;"F"
7;1;37;0;1;"F"
7;2;35;1;1;"F"
7;3;37;0;1;"F"
7;4;41;0;1;"F"
7;5;36;0;1;"F"
7;6;38;1;1;"F"
7;7;38;0;1;"F"
7;8;38;0;1;"F"
7;9;37;0;1;"F"
7;10;41;1;1;"F"
7;11;34;0;1;"F"
7;12;37;0;1;"F"
7;13;36;0;1;"F"
7;14;39;1;1;"F"
7;15;38;1;1;"F"
7;16;41;1;1;"F"
7;17;33;1;1;"F"
7;18;37;0;1;"F"
7;19;36;0;1;"F"
7;20;38;1;1;"F"
7;21;37;0;1;"F"
7;22;36;0;1;"F"
7;23;34;1;1;"F"
7;24;35;1;1;"F"
7;25;34;1;1;"F"
7;26;39;0;1;"F"
7;27;33;0;1;"F"
7;28;34;0;1;"F"
7;29;38;1;1;"F"
7;30;40;0;1;"F"
7;31;36;1;1;"F"
7;32;34;1;1;"F"
7;33;37;1;1;"F"
7;34;39;1;1;"F"
7;35;33;0;1;"F"
7;36;34;0;1;"F"
7;37;38;1;1;"F"
7;38;38;0;1;"F"
7;39;38;1;1;"F"
7;40;37;0;1;"F"
7;41;37;0;1;"F"
7;42;33;1;1;"F"
7;43;35;0;1;"F"
7;44;35;1;1;"F"
7;45;29;0;1;"F"
7;46;32;0;1;"F"
7;47;40;1;1;"F"
7;48;38;0;1;"F"
7;49;37;1;1;"F"
7;50;36;1;1;"F"
7;51;31;1;1;"F"
7;52;34;1;1;"F"
7;53;33;0;1;"F"
7;54;36;0;1;"F"
7;55;38;1;1;"F"
7;56;36;0;1;"F"
7;57;36;1;1;"F"
7;58;34;1;1;"F"
7;59;38;1;1;"F"
7;60;36;1;1;"F"
8;1;49;1;0;"G"
8;2;44;1;0;"G"
8;3;44;0;0;"G"
8;4;51;1;0;"G"
8;5;50;1;0;"G"
8;6;51;1;0;"G"
8;7;51;1;0;"G"
8;8;50;1;0;"G"
8;9;53;1;0;"G"
8;10;51;1;0;"G"
8;11;49;1;0;"G"
8;12;52;0;0;"G"
8;13;49;1;0;"G"
8;14;50;1;0;"G"
8;15;51;1;0;"G"
8;16;47;1;0;"G"
8;17;47;0;0;"G"
8;18;51;1;0;"G"
8;19;51;0;0;"G"
8;20;49;1;0;"G"
8;21;48;1;0;"G"
8;22;46;1;0;"G"
8;23;49;1;0;"G"
8;24;49;1;0;"G"
8;25;49;0;0;"G"
8;26;50;1;0;"G"
8;27;53;0;0;"G"
8;28;50;1;0;"G"
8;29;51;1;0;"G"
8;30;50;1;0;"G"
8;31;50;1;0;"G"
8;32;49;0;0;"G"
8;33;50;0;0;"G"
8;34;47;1;0;"G"
8;35;51;1;0;"G"
8;36;45;1;0;"G"
8;37;50;1;0;"G"
8;38;52;1;0;"G"
8;39;49;1;0;"G"
8;40;51;1;0;"G"
8;41;47;1;0;"G"
8;42;51;1;0;"G"
8;43;49;1;0;"G"
8;44;50;1;0;"G"
8;45;48;1;0;"G"
8;46;53;1;0;"G"
8;47;47;1;0;"G"
8;48;50;1;0;"G"
8;49;50;1;0;"G"
8;50;50;1;0;"G"
8;51;52;1;0;"G"
8;52;50;1;0;"G"
8;53;49;1;0;"G"
8;54;50;1;0;"G"
8;55;51;1;0;"G"
8;56;51;0;0;"G"
8;57;48;0;0;"G"
8;58;50;1;0;"G"
8;59;48;1;0;"G"
8;60;47;1;0;"G"
8;1;47;0;1;"G"
8;2;49;1;1;"G"
8;3;49;1;1;"G"
8;4;49;1;1;"G"
8;5;48;1;1;"G"
8;6;48;1;1;"G"
8;7;49;0;1;"G"
8;8;50;1;1;"G"
8;9;51;0;1;"G"
8;10;48;0;1;"G"
8;11;43;0;1;"G"
8;12;46;0;1;"G"
8;13;48;1;1;"G"
8;14;48;1;1;"G"
8;15;48;1;1;"G"
8;16;46;0;1;"G"
8;17;46;0;1;"G"
8;18;45;1;1;"G"
8;19;48;1;1;"G"
8;20;52;1;1;"G"
8;21;48;0;1;"G"
8;22;49;0;1;"G"
8;23;49;1;1;"G"
8;24;51;0;1;"G"
8;25;49;1;1;"G"
8;26;49;0;1;"G"
8;27;53;1;1;"G"
8;28;51;0;1;"G"
8;29;51;1;1;"G"
8;30;49;0;1;"G"
8;31;47;0;1;"G"
8;32;49;1;1;"G"
8;33;45;1;1;"G"
8;34;49;0;1;"G"
8;35;48;0;1;"G"
8;36;47;1;1;"G"
8;37;51;1;1;"G"
8;38;47;1;1;"G"
8;39;48;0;1;"G"
8;40;46;1;1;"G"
8;41;50;1;1;"G"
8;42;46;1;1;"G"
8;43;49;0;1;"G"
8;44;46;1;1;"G"
8;45;48;1;1;"G"
8;46;46;1;1;"G"
8;47;42;0;1;"G"
8;48;48;0;1;"G"
8;49;46;1;1;"G"
8;50;46;1;1;"G"
8;51;47;0;1;"G"
8;52;46;1;1;"G"
8;53;45;1;1;"G"
8;54;48;0;1;"G"
8;55;49;1;1;"G"
8;56;50;1;1;"G"
8;57;49;0;1;"G"
8;58;48;1;1;"G"
8;59;44;0;1;"G"
8;60;48;0;1;"G"
9;1;39;1;0;"G"
9;2;43;1;0;"G"
9;3;41;0;0;"G"
9;4;38;1;0;"G"
9;5;45;1;0;"G"
9;6;43;1;0;"G"
9;7;39;1;0;"G"
9;8;42;1;0;"G"
9;9;42;1;0;"G"
9;10;43;1;0;"G"
9;11;39;1;0;"G"
9;12;37;0;0;"G"
9;13;39;1;0;"G"
9;14;44;1;0;"G"
9;15;44;0;0;"G"
9;16;44;1;0;"G"
9;17;42;0;0;"G"
9;18;42;1;0;"G"
9;19;42;1;0;"G"
9;20;45;1;0;"G"
9;21;45;1;0;"G"
9;22;42;1;0;"G"
9;23;44;1;0;"G"
9;24;42;1;0;"G"
9;25;39;1;0;"G"
9;26;43;1;0;"G"
9;27;41;1;0;"G"
9;28;44;1;0;"G"
9;29;39;1;0;"G"
9;30;48;1;0;"G"
9;31;43;1;0;"G"
9;32;43;1;0;"G"
9;33;44;1;0;"G"
9;34;43;1;0;"G"
9;35;44;1;0;"G"
9;36;43;1;0;"G"
9;37;47;1;0;"G"
9;38;46;1;0;"G"
9;39;39;1;0;"G"
9;40;43;0;0;"G"
9;41;44;1;0;"G"
9;42;43;1;0;"G"
9;43;44;1;0;"G"
9;44;42;1;0;"G"
9;45;37;1;0;"G"
9;46;46;1;0;"G"
9;47;40;1;0;"G"
9;48;45;1;0;"G"
9;49;46;1;0;"G"
9;50;50;1;0;"G"
9;51;42;1;0;"G"
9;52;42;1;0;"G"
9;53;42;1;0;"G"
9;54;39;1;0;"G"
9;55;42;1;0;"G"
9;56;42;1;0;"G"
9;57;45;1;0;"G"
9;58;47;1;0;"G"
9;59;46;1;0;"G"
9;60;46;1;0;"G"
9;1;35;1;1;"G"
9;2;42;1;1;"G"
9;3;41;0;1;"G"
9;4;42;1;1;"G"
9;5;51;1;1;"G"
9;6;48;0;1;"G"
9;7;53;1;1;"G"
9;8;48;1;1;"G"
9;9;48;1;1;"G"
9;10;49;1;1;"G"
9;11;43;1;1;"G"
9;12;46;1;1;"G"
9;13;43;1;1;"G"
9;14;43;1;1;"G"
9;15;44;1;1;"G"
9;16;45;1;1;"G"
9;17;42;0;1;"G"
9;18;48;1;1;"G"
9;19;47;1;1;"G"
9;20;44;0;1;"G"
9;21;40;1;1;"G"
9;22;41;0;1;"G"
9;23;41;0;1;"G"
9;24;43;1;1;"G"
9;25;43;1;1;"G"
9;26;41;1;1;"G"
9;27;37;1;1;"G"
9;28;42;1;1;"G"
9;29;42;1;1;"G"
9;30;43;1;1;"G"
9;31;40;1;1;"G"
9;32;44;1;1;"G"
9;33;41;1;1;"G"
9;34;40;1;1;"G"
9;35;45;0;1;"G"
9;36;39;1;1;"G"
9;37;43;1;1;"G"
9;38;40;1;1;"G"
9;39;41;0;1;"G"
9;40;46;1;1;"G"
9;41;42;1;1;"G"
9;42;43;1;1;"G"
9;43;42;1;1;"G"
9;44;42;1;1;"G"
9;45;42;0;1;"G"
9;46;46;1;1;"G"
9;47;41;0;1;"G"
9;48;45;1;1;"G"
9;49;45;1;1;"G"
9;50;40;0;1;"G"
9;51;42;1;1;"G"
9;52;39;0;1;"G"
9;53;41;0;1;"G"
9;54;44;1;1;"G"
9;55;44;1;1;"G"
9;56;42;1;1;"G"
9;57;41;0;1;"G"
9;58;45;1;1;"G"
9;59;42;1;1;"G"
9;60;42;0;1;"G"
10;1;39;0;0;"C"
10;2;42;1;0;"C"
10;3;43;1;0;"C"
10;4;39;1;0;"C"
10;5;40;0;0;"C"
10;6;43;1;0;"C"
10;7;46;0;0;"C"
10;8;43;1;0;"C"
10;9;43;1;0;"C"
10;10;46;1;0;"C"
10;11;51;1;0;"C"
10;12;42;1;0;"C"
10;13;44;1;0;"C"
10;14;43;1;0;"C"
10;15;37;1;0;"C"
10;16;45;1;0;"C"
10;17;39;1;0;"C"
10;18;44;1;0;"C"
10;19;44;1;0;"C"
10;20;47;0;0;"C"
10;21;39;0;0;"C"
10;22;36;1;0;"C"
10;23;34;1;0;"C"
10;24;45;1;0;"C"
10;25;45;1;0;"C"
10;26;45;1;0;"C"
10;27;38;1;0;"C"
10;28;35;0;0;"C"
10;29;40;1;0;"C"
10;30;41;0;0;"C"
10;31;39;0;0;"C"
10;32;42;1;0;"C"
10;33;39;1;0;"C"
10;34;41;1;0;"C"
10;35;34;0;0;"C"
10;36;41;1;0;"C"
10;37;35;0;0;"C"
10;38;46;1;0;"C"
10;39;42;1;0;"C"
10;40;42;1;0;"C"
10;41;40;1;0;"C"
10;42;44;1;0;"C"
10;43;38;0;0;"C"
10;44;40;1;0;"C"
10;45;41;1;0;"C"
10;46;43;1;0;"C"
10;47;35;0;0;"C"
10;48;40;1;0;"C"
10;49;31;1;0;"C"
10;50;42;1;0;"C"
10;51;52;0;0;"C"
10;52;35;0;0;"C"
10;53;37;1;0;"C"
10;54;44;0;0;"C"
10;55;43;0;0;"C"
10;56;41;1;0;"C"
10;57;41;0;0;"C"
10;58;34;1;0;"C"
10;59;36;0;0;"C"
10;60;38;0;0;"C"
10;1;41;0;1;"C"
10;2;40;1;1;"C"
10;3;41;0;1;"C"
10;4;46;1;1;"C"
10;5;43;1;1;"C"
10;6;49;1;1;"C"
10;7;48;0;1;"C"
10;8;47;0;1;"C"
10;9;47;0;1;"C"
10;10;38;1;1;"C"
10;11;36;0;1;"C"
10;12;41;0;1;"C"
10;13;47;1;1;"C"
10;14;40;0;1;"C"
10;15;37;0;1;"C"
10;16;42;0;1;"C"
10;17;35;0;1;"C"
10;18;35;1;1;"C"
10;19;41;1;1;"C"
10;20;43;1;1;"C"
10;21;52;1;1;"C"
10;22;41;1;1;"C"
10;23;38;1;1;"C"
10;24;41;1;1;"C"
10;25;41;1;1;"C"
10;26;47;1;1;"C"
10;27;49;1;1;"C"
10;28;41;0;1;"C"
10;29;39;1;1;"C"
10;30;40;0;1;"C"
10;31;49;1;1;"C"
10;32;49;0;1;"C"
10;33;36;0;1;"C"
10;34;42;1;1;"C"
10;35;41;1;1;"C"
10;36;37;1;1;"C"
10;37;35;0;1;"C"
10;38;45;0;1;"C"
10;39;41;0;1;"C"
10;40;41;1;1;"C"
10;41;39;0;1;"C"
10;42;38;0;1;"C"
10;43;44;1;1;"C"
10;44;46;0;1;"C"
10;45;40;0;1;"C"
10;46;37;0;1;"C"
10;47;44;1;1;"C"
10;48;35;0;1;"C"
10;49;43;0;1;"C"
10;50;48;1;1;"C"
10;51;33;1;1;"C"
10;52;42;1;1;"C"
10;53;42;1;1;"C"
10;54;37;1;1;"C"
10;55;45;1;1;"C"
10;56;42;0;1;"C"
10;57;36;0;1;"C"
10;58;45;0;1;"C"
10;59;44;1;1;"C"
10;60;37;0;1;"C"
11;1;36;0;0;"F"
11;2;32;0;0;"F"
11;3;37;1;0;"F"
11;4;37;1;0;"F"
11;5;29;1;0;"F"
11;6;39;1;0;"F"
11;7;37;1;0;"F"
11;8;31;1;0;"F"
11;9;41;1;0;"F"
11;10;41;1;0;"F"
11;11;36;1;0;"F"
11;12;42;1;0;"F"
11;13;35;0;0;"F"
11;14;34;1;0;"F"
11;15;37;1;0;"F"
11;16;39;1;0;"F"
11;17;32;0;0;"F"
11;18;39;1;0;"F"
11;19;37;1;0;"F"
11;20;37;0;0;"F"
11;21;37;1;0;"F"
11;22;36;1;0;"F"
11;23;37;1;0;"F"
11;24;37;1;0;"F"
11;25;37;1;0;"F"
11;26;34;0;0;"F"
11;27;35;0;0;"F"
11;28;35;0;0;"F"
11;29;39;1;0;"F"
11;30;44;1;0;"F"
11;31;33;1;0;"F"
11;32;39;1;0;"F"
11;33;37;1;0;"F"
11;34;38;1;0;"F"
11;35;39;1;0;"F"
11;36;31;1;0;"F"
11;37;36;0;0;"F"
11;38;36;1;0;"F"
11;39;37;1;0;"F"
11;40;33;1;0;"F"
11;41;38;1;0;"F"
11;42;34;1;0;"F"
11;43;37;1;0;"F"
11;44;37;0;0;"F"
11;45;36;0;0;"F"
11;46;34;0;0;"F"
11;47;34;0;0;"F"
11;48;36;0;0;"F"
11;49;36;1;0;"F"
11;50;38;1;0;"F"
11;51;42;0;0;"F"
11;52;42;0;0;"F"
11;53;36;0;0;"F"
11;54;32;0;0;"F"
11;55;33;0;0;"F"
11;56;35;1;0;"F"
11;57;39;1;0;"F"
11;58;33;1;0;"F"
11;59;33;0;0;"F"
11;60;33;1;0;"F"
11;1;34;0;1;"F"
11;2;43;0;1;"F"
11;3;35;0;1;"F"
11;4;39;1;1;"F"
11;5;33;1;1;"F"
11;6;37;0;1;"F"
11;7;37;1;1;"F"
11;8;32;0;1;"F"
11;9;32;1;1;"F"
11;10;32;1;1;"F"
11;11;34;0;1;"F"
11;12;37;0;1;"F"
11;13;35;0;1;"F"
11;14;35;1;1;"F"
11;15;42;1;1;"F"
11;16;34;0;1;"F"
11;17;40;1;1;"F"
11;18;39;0;1;"F"
11;19;38;1;1;"F"
11;20;39;0;1;"F"
11;21;33;0;1;"F"
11;22;36;1;1;"F"
11;23;35;0;1;"F"
11;24;35;1;1;"F"
11;25;42;0;1;"F"
11;26;39;1;1;"F"
11;27;36;1;1;"F"
11;28;41;1;1;"F"
11;29;34;1;1;"F"
11;30;32;1;1;"F"
11;31;37;1;1;"F"
11;32;37;1;1;"F"
11;33;40;1;1;"F"
11;34;40;1;1;"F"
11;35;32;0;1;"F"
11;36;40;1;1;"F"
11;37;35;0;1;"F"
11;38;31;0;1;"F"
11;39;40;1;1;"F"
11;40;34;1;1;"F"
11;41;31;0;1;"F"
11;42;37;1;1;"F"
11;43;38;1;1;"F"
11;44;34;1;1;"F"
11;45;32;1;1;"F"
11;46;32;0;1;"F"
11;47;34;1;1;"F"
11;48;34;0;1;"F"
11;49;31;1;1;"F"
11;50;35;0;1;"F"
11;51;36;1;1;"F"
11;52;35;0;1;"F"
11;53;30;1;1;"F"
11;54;41;1;1;"F"
11;55;37;1;1;"F"
11;56;42;1;1;"F"
11;57;39;0;1;"F"
11;58;41;0;1;"F"
11;59;41;0;1;"F"
11;60;36;0;1;"F"
12;1;51;0;0;"C"
12;2;46;0;0;"C"
12;3;50;1;0;"C"
12;4;49;1;0;"C"
12;5;47;0;0;"C"
12;6;46;1;0;"C"
12;7;45;1;0;"C"
12;8;48;1;0;"C"
12;9;43;0;0;"C"
12;10;49;1;0;"C"
12;11;49;1;0;"C"
12;12;50;1;0;"C"
12;13;46;0;0;"C"
12;14;50;1;0;"C"
12;15;50;1;0;"C"
12;16;45;0;0;"C"
12;17;45;1;0;"C"
12;18;45;1;0;"C"
12;19;48;1;0;"C"
12;20;48;1;0;"C"
12;21;49;1;0;"C"
12;22;46;0;0;"C"
12;23;50;1;0;"C"
12;24;46;1;0;"C"
12;25;47;1;0;"C"
12;26;49;1;0;"C"
12;27;52;1;0;"C"
12;28;50;1;0;"C"
12;29;45;0;0;"C"
12;30;49;1;0;"C"
12;31;51;1;0;"C"
12;32;50;1;0;"C"
12;33;43;1;0;"C"
12;34;49;1;0;"C"
12;35;47;0;0;"C"
12;36;48;0;0;"C"
12;37;52;1;0;"C"
12;38;47;0;0;"C"
12;39;46;0;0;"C"
12;40;48;0;0;"C"
12;41;51;1;0;"C"
12;42;46;1;0;"C"
12;43;44;0;0;"C"
12;44;47;1;0;"C"
12;45;46;0;0;"C"
12;46;46;0;0;"C"
12;47;48;0;0;"C"
12;48;45;0;0;"C"
12;49;43;0;0;"C"
12;50;48;1;0;"C"
12;51;45;1;0;"C"
12;52;51;1;0;"C"
12;53;49;0;0;"C"
12;54;48;0;0;"C"
12;55;51;1;0;"C"
12;56;44;1;0;"C"
12;57;45;0;0;"C"
12;58;44;1;0;"C"
12;59;50;1;0;"C"
12;60;45;1;0;"C"
12;1;47;0;1;"C"
12;2;48;0;1;"C"
12;3;48;1;1;"C"
12;4;48;0;1;"C"
12;5;48;1;1;"C"
12;6;50;0;1;"C"
12;7;46;1;1;"C"
12;8;47;0;1;"C"
12;9;50;1;1;"C"
12;10;45;0;1;"C"
12;11;43;0;1;"C"
12;12;50;0;1;"C"
12;13;45;0;1;"C"
12;14;46;1;1;"C"
12;15;49;1;1;"C"
12;16;51;1;1;"C"
12;17;44;0;1;"C"
12;18;49;1;1;"C"
12;19;48;1;1;"C"
12;20;49;1;1;"C"
12;21;52;1;1;"C"
12;22;45;0;1;"C"
12;23;45;1;1;"C"
12;24;46;0;1;"C"
12;25;42;0;1;"C"
12;26;43;1;1;"C"
12;27;49;1;1;"C"
12;28;44;0;1;"C"
12;29;39;1;1;"C"
12;30;52;1;1;"C"
12;31;50;0;1;"C"
12;32;41;0;1;"C"
12;33;46;0;1;"C"
12;34;43;0;1;"C"
12;35;46;0;1;"C"
12;36;50;0;1;"C"
12;37;50;1;1;"C"
12;38;48;0;1;"C"
12;39;52;1;1;"C"
12;40;49;1;1;"C"
12;41;47;0;1;"C"
12;42;44;0;1;"C"
12;43;44;0;1;"C"
12;44;47;0;1;"C"
12;45;47;1;1;"C"
12;46;48;0;1;"C"
12;47;47;1;1;"C"
12;48;46;0;1;"C"
12;49;46;0;1;"C"
12;50;46;0;1;"C"
12;51;45;0;1;"C"
12;52;45;0;1;"C"
12;53;48;0;1;"C"
12;54;47;0;1;"C"
12;55;49;0;1;"C"
12;56;49;1;1;"C"
12;57;45;1;1;"C"
12;58;49;0;1;"C"
12;59;46;0;1;"C"
12;60;42;0;1;"C"
13;1;34;1;0;"F"
13;2;36;0;0;"F"
13;3;41;0;0;"F"
13;4;40;1;0;"F"
13;5;46;1;0;"F"
13;6;40;0;0;"F"
13;7;46;1;0;"F"
13;8;40;1;0;"F"
13;9;42;1;0;"F"
13;10;42;0;0;"F"
13;11;43;1;0;"F"
13;12;46;1;0;"F"
13;13;42;1;0;"F"
13;14;46;1;0;"F"
13;15;39;1;0;"F"
13;16;40;0;0;"F"
13;17;39;1;0;"F"
13;18;39;0;0;"F"
13;19;40;1;0;"F"
13;20;42;1;0;"F"
13;21;46;1;0;"F"
13;22;40;1;0;"F"
13;23;40;1;0;"F"
13;24;41;0;0;"F"
13;25;43;1;0;"F"
13;26;46;1;0;"F"
13;27;46;1;0;"F"
13;28;43;1;0;"F"
13;29;38;0;0;"F"
13;30;40;1;0;"F"
13;31;34;0;0;"F"
13;32;42;1;0;"F"
13;33;41;1;0;"F"
13;34;41;1;0;"F"
13;35;35;1;0;"F"
13;36;42;1;0;"F"
13;37;42;1;0;"F"
13;38;41;1;0;"F"
13;39;42;1;0;"F"
13;40;42;1;0;"F"
13;41;36;1;0;"F"
13;42;34;0;0;"F"
13;43;44;1;0;"F"
13;44;40;0;0;"F"
13;45;37;0;0;"F"
13;46;36;0;0;"F"
13;47;40;0;0;"F"
13;48;41;1;0;"F"
13;49;38;1;0;"F"
13;50;41;0;0;"F"
13;51;41;1;0;"F"
13;52;41;1;0;"F"
13;53;38;0;0;"F"
13;54;35;1;0;"F"
13;55;41;1;0;"F"
13;56;40;1;0;"F"
13;57;37;1;0;"F"
13;58;39;1;0;"F"
13;59;41;1;0;"F"
13;60;39;1;0;"F"
13;1;42;1;1;"F"
13;2;45;1;1;"F"
13;3;41;0;1;"F"
13;4;43;0;1;"F"
13;5;46;1;1;"F"
13;6;46;1;1;"F"
13;7;44;0;1;"F"
13;8;47;0;1;"F"
13;9;43;1;1;"F"
13;10;41;1;1;"F"
13;11;41;1;1;"F"
13;12;41;1;1;"F"
13;13;45;0;1;"F"
13;14;41;0;1;"F"
13;15;41;0;1;"F"
13;16;42;0;1;"F"
13;17;44;1;1;"F"
13;18;43;1;1;"F"
13;19;42;1;1;"F"
13;20;43;1;1;"F"
13;21;43;0;1;"F"
13;22;42;0;1;"F"
13;23;43;1;1;"F"
13;24;45;1;1;"F"
13;25;45;0;1;"F"
13;26;41;1;1;"F"
13;27;44;0;1;"F"
13;28;39;0;1;"F"
13;29;44;1;1;"F"
13;30;41;1;1;"F"
13;31;43;0;1;"F"
13;32;45;1;1;"F"
13;33;45;1;1;"F"
13;34;50;0;1;"F"
13;35;48;0;1;"F"
13;36;42;1;1;"F"
13;37;48;1;1;"F"
13;38;45;0;1;"F"
13;39;44;1;1;"F"
13;40;47;1;1;"F"
13;41;44;0;1;"F"
13;42;43;1;1;"F"
13;43;42;1;1;"F"
13;44;41;0;1;"F"
13;45;44;1;1;"F"
13;46;48;1;1;"F"
13;47;40;0;1;"F"
13;48;49;1;1;"F"
13;49;46;1;1;"F"
13;50;44;1;1;"F"
13;51;45;0;1;"F"
13;52;46;1;1;"F"
13;53;44;0;1;"F"
13;54;39;1;1;"F"
13;55;42;0;1;"F"
13;56;43;1;1;"F"
13;57;44;1;1;"F"
13;58;42;1;1;"F"
13;59;42;1;1;"F"
13;60;46;0;1;"F"
14;1;47;1;0;"F"
14;2;46;1;0;"F"
14;3;45;1;0;"F"
14;4;46;0;0;"F"
14;5;48;1;0;"F"
14;6;50;1;0;"F"
14;7;48;1;0;"F"
14;8;48;1;0;"F"
14;9;51;1;0;"F"
14;10;47;0;0;"F"
14;11;44;1;0;"F"
14;12;44;0;0;"F"
14;13;49;1;0;"F"
14;14;45;1;0;"F"
14;15;44;1;0;"F"
14;16;47;0;0;"F"
14;17;49;1;0;"F"
14;18;48;0;0;"F"
14;19;50;1;0;"F"
14;20;50;1;0;"F"
14;21;45;1;0;"F"
14;22;45;1;0;"F"
14;23;48;1;0;"F"
14;24;49;1;0;"F"
14;25;52;1;0;"F"
14;26;52;1;0;"F"
14;27;49;1;0;"F"
14;28;44;0;0;"F"
14;29;50;1;0;"F"
14;30;47;0;0;"F"
14;31;47;1;0;"F"
14;32;47;1;0;"F"
14;33;49;1;0;"F"
14;34;52;1;0;"F"
14;35;48;1;0;"F"
14;36;49;0;0;"F"
14;37;50;1;0;"F"
14;38;47;0;0;"F"
14;39;49;0;0;"F"
14;40;49;1;0;"F"
14;41;52;1;0;"F"
14;42;50;1;0;"F"
14;43;46;1;0;"F"
14;44;51;1;0;"F"
14;45;49;1;0;"F"
14;46;44;0;0;"F"
14;47;42;1;0;"F"
14;48;48;0;0;"F"
14;49;48;0;0;"F"
14;50;51;1;0;"F"
14;51;51;1;0;"F"
14;52;46;0;0;"F"
14;53;51;1;0;"F"
14;54;51;1;0;"F"
14;55;50;1;0;"F"
14;56;47;1;0;"F"
14;57;46;1;0;"F"
14;58;50;0;0;"F"
14;59;46;1;0;"F"
14;60;50;1;0;"F"
14;1;45;1;1;"F"
14;2;46;0;1;"F"
14;3;46;0;1;"F"
14;4;47;1;1;"F"
14;5;44;0;1;"F"
14;6;48;1;1;"F"
14;7;42;0;1;"F"
14;8;46;0;1;"F"
14;9;49;0;1;"F"
14;10;48;0;1;"F"
14;11;45;1;1;"F"
14;12;47;0;1;"F"
14;13;47;0;1;"F"
14;14;45;0;1;"F"
14;15;48;0;1;"F"
14;16;48;1;1;"F"
14;17;48;0;1;"F"
14;18;46;0;1;"F"
14;19;49;1;1;"F"
14;20;51;1;1;"F"
14;21;52;1;1;"F"
14;22;44;0;1;"F"
14;23;50;1;1;"F"
14;24;47;1;1;"F"
14;25;49;1;1;"F"
14;26;51;1;1;"F"
14;27;48;0;1;"F"
14;28;51;0;1;"F"
14;29;50;0;1;"F"
14;30;50;1;1;"F"
14;31;46;0;1;"F"
14;32;48;1;1;"F"
14;33;49;1;1;"F"
14;34;46;0;1;"F"
14;35;49;0;1;"F"
14;36;42;1;1;"F"
14;37;48;1;1;"F"
14;38;46;1;1;"F"
14;39;48;1;1;"F"
14;40;49;0;1;"F"
14;41;49;0;1;"F"
14;42;48;0;1;"F"
14;43;45;0;1;"F"
14;44;49;0;1;"F"
14;45;49;0;1;"F"
14;46;53;1;1;"F"
14;47;49;0;1;"F"
14;48;48;0;1;"F"
14;49;47;0;1;"F"
14;50;50;0;1;"F"
14;51;46;1;1;"F"
14;52;48;1;1;"F"
14;53;49;0;1;"F"
14;54;48;1;1;"F"
14;55;48;0;1;"F"
14;56;52;1;1;"F"
14;57;47;1;1;"F"
14;58;46;0;1;"F"
14;59;48;0;1;"F"
14;60;50;1;1;"F"
15;1;45;1;0;"G"
15;2;42;0;0;"G"
15;3;34;1;0;"G"
15;4;38;1;0;"G"
15;5;33;1;0;"G"
15;6;33;1;0;"G"
15;7;39;1;0;"G"
15;8;42;1;0;"G"
15;9;36;0;0;"G"
15;10;40;1;0;"G"
15;11;40;1;0;"G"
15;12;40;1;0;"G"
15;13;40;1;0;"G"
15;14;37;1;0;"G"
15;15;39;1;0;"G"
15;16;42;1;0;"G"
15;17;35;1;0;"G"
15;18;38;0;0;"G"
15;19;42;1;0;"G"
15;20;39;1;0;"G"
15;21;43;1;0;"G"
15;22;35;0;0;"G"
15;23;36;1;0;"G"
15;24;37;1;0;"G"
15;25;38;1;0;"G"
15;26;38;1;0;"G"
15;27;37;1;0;"G"
15;28;36;1;0;"G"
15;29;35;1;0;"G"
15;30;38;1;0;"G"
15;31;40;1;0;"G"
15;32;39;1;0;"G"
15;33;40;1;0;"G"
15;34;37;1;0;"G"
15;35;42;1;0;"G"
15;36;41;0;0;"G"
15;37;42;1;0;"G"
15;38;41;1;0;"G"
15;39;41;1;0;"G"
15;40;38;1;0;"G"
15;41;37;1;0;"G"
15;42;35;1;0;"G"
15;43;40;1;0;"G"
15;44;34;1;0;"G"
15;45;33;0;0;"G"
15;46;38;1;0;"G"
15;47;40;1;0;"G"
15;48;40;1;0;"G"
15;49;38;0;0;"G"
15;50;37;0;0;"G"
15;51;40;1;0;"G"
15;52;36;1;0;"G"
15;53;34;0;0;"G"
15;54;40;1;0;"G"
15;55;32;0;0;"G"
15;56;32;1;0;"G"
15;57;29;0;0;"G"
15;58;38;0;0;"G"
15;59;39;1;0;"G"
15;60;26;0;0;"G"
15;1;47;0;1;"G"
15;2;44;1;1;"G"
15;3;39;0;1;"G"
15;4;32;0;1;"G"
15;5;34;0;1;"G"
15;6;34;0;1;"G"
15;7;40;1;1;"G"
15;8;33;1;1;"G"
15;9;49;0;1;"G"
15;10;46;1;1;"G"
15;11;42;1;1;"G"
15;12;46;0;1;"G"
15;13;45;0;1;"G"
15;14;34;0;1;"G"
15;15;36;0;1;"G"
15;16;36;1;1;"G"
15;17;47;1;1;"G"
15;18;47;0;1;"G"
15;19;48;1;1;"G"
15;20;49;0;1;"G"
15;21;48;1;1;"G"
15;22;42;0;1;"G"
15;23;28;1;1;"G"
15;24;37;0;1;"G"
15;25;34;1;1;"G"
15;26;48;1;1;"G"
15;27;40;1;1;"G"
15;28;45;1;1;"G"
15;29;39;0;1;"G"
15;30;41;0;1;"G"
15;31;36;0;1;"G"
15;32;39;1;1;"G"
15;33;39;0;1;"G"
15;34;39;1;1;"G"
15;35;42;0;1;"G"
15;36;55;0;1;"G"
15;37;49;1;1;"G"
15;38;48;1;1;"G"
15;39;48;0;1;"G"
15;40;56;1;1;"G"
15;41;35;1;1;"G"
15;42;38;0;1;"G"
15;43;33;1;1;"G"
15;44;37;1;1;"G"
15;45;34;1;1;"G"
15;46;35;1;1;"G"
15;47;41;0;1;"G"
15;48;37;0;1;"G"
15;49;35;1;1;"G"
15;50;30;0;1;"G"
15;51;35;0;1;"G"
15;52;32;0;1;"G"
15;53;37;1;1;"G"
15;54;47;1;1;"G"
15;55;50;1;1;"G"
15;56;44;1;1;"G"
15;57;49;0;1;"G"
15;58;51;0;1;"G"
15;59;48;1;1;"G"
15;60;53;1;1;"G"
16;1;39;1;0;"C"
16;2;38;0;0;"C"
16;3;39;0;0;"C"
16;4;40;1;0;"C"
16;5;41;1;0;"C"
16;6;38;1;0;"C"
16;7;42;1;0;"C"
16;8;37;1;0;"C"
16;9;41;1;0;"C"
16;10;39;0;0;"C"
16;11;40;1;0;"C"
16;12;40;1;0;"C"
16;13;38;0;0;"C"
16;14;41;1;0;"C"
16;15;39;1;0;"C"
16;16;40;1;0;"C"
16;17;42;1;0;"C"
16;18;36;1;0;"C"
16;19;36;1;0;"C"
16;20;33;0;0;"C"
16;21;40;1;0;"C"
16;22;38;1;0;"C"
16;23;41;1;0;"C"
16;24;39;1;0;"C"
16;25;40;1;0;"C"
16;26;38;1;0;"C"
16;27;40;1;0;"C"
16;28;36;1;0;"C"
16;29;41;1;0;"C"
16;30;36;1;0;"C"
16;31;41;1;0;"C"
16;32;33;0;0;"C"
16;33;42;1;0;"C"
16;34;41;1;0;"C"
16;35;42;1;0;"C"
16;36;39;1;0;"C"
16;37;42;1;0;"C"
16;38;40;1;0;"C"
16;39;39;1;0;"C"
16;40;40;1;0;"C"
16;41;34;0;0;"C"
16;42;43;1;0;"C"
16;43;41;1;0;"C"
16;44;33;1;0;"C"
16;45;40;1;0;"C"
16;46;38;1;0;"C"
16;47;38;0;0;"C"
16;48;40;1;0;"C"
16;49;39;1;0;"C"
16;50;40;1;0;"C"
16;51;39;1;0;"C"
16;52;40;1;0;"C"
16;53;37;0;0;"C"
16;54;41;1;0;"C"
16;55;34;1;0;"C"
16;56;38;1;0;"C"
16;57;38;1;0;"C"
16;58;35;1;0;"C"
16;59;35;1;0;"C"
16;60;40;1;0;"C"
16;1;41;1;1;"C"
16;2;42;0;1;"C"
16;3;43;0;1;"C"
16;4;40;1;1;"C"
16;5;42;0;1;"C"
16;6;40;0;1;"C"
16;7;39;1;1;"C"
16;8;38;1;1;"C"
16;9;37;1;1;"C"
16;10;36;0;1;"C"
16;11;35;1;1;"C"
16;12;37;1;1;"C"
16;13;39;0;1;"C"
16;14;36;1;1;"C"
16;15;33;1;1;"C"
16;16;41;0;1;"C"
16;17;42;0;1;"C"
16;18;39;0;1;"C"
16;19;39;1;1;"C"
16;20;39;0;1;"C"
16;21;38;1;1;"C"
16;22;39;1;1;"C"
16;23;38;1;1;"C"
16;24;40;0;1;"C"
16;25;39;0;1;"C"
16;26;37;1;1;"C"
16;27;38;0;1;"C"
16;28;40;1;1;"C"
16;29;39;0;1;"C"
16;30;38;0;1;"C"
16;31;39;1;1;"C"
16;32;42;0;1;"C"
16;33;37;0;1;"C"
16;34;35;1;1;"C"
16;35;38;1;1;"C"
16;36;42;1;1;"C"
16;37;42;0;1;"C"
16;38;36;0;1;"C"
16;39;41;1;1;"C"
16;40;37;0;1;"C"
16;41;33;0;1;"C"
16;42;41;1;1;"C"
16;43;39;0;1;"C"
16;44;40;0;1;"C"
16;45;37;0;1;"C"
16;46;35;1;1;"C"
16;47;40;1;1;"C"
16;48;31;1;1;"C"
16;49;41;1;1;"C"
16;50;44;1;1;"C"
16;51;43;1;1;"C"
16;52;46;1;1;"C"
16;53;40;0;1;"C"
16;54;42;1;1;"C"
16;55;38;0;1;"C"
16;56;41;1;1;"C"
16;57;40;0;1;"C"
16;58;41;1;1;"C"
16;59;39;0;1;"C"
16;60;45;1;1;"C"
17;1;42;1;0;"G"
17;2;44;0;0;"G"
17;3;45;1;0;"G"
17;4;42;1;0;"G"
17;5;41;1;0;"G"
17;6;44;1;0;"G"
17;7;43;1;0;"G"
17;8;37;1;0;"G"
17;9;43;1;0;"G"
17;10;45;1;0;"G"
17;11;42;1;0;"G"
17;12;40;1;0;"G"
17;13;47;1;0;"G"
17;14;43;1;0;"G"
17;15;40;0;0;"G"
17;16;45;1;0;"G"
17;17;41;1;0;"G"
17;18;42;1;0;"G"
17;19;43;1;0;"G"
17;20;39;1;0;"G"
17;21;44;1;0;"G"
17;22;40;0;0;"G"
17;23;44;1;0;"G"
17;24;37;1;0;"G"
17;25;42;1;0;"G"
17;26;41;0;0;"G"
17;27;45;1;0;"G"
17;28;43;1;0;"G"
17;29;40;1;0;"G"
17;30;39;0;0;"G"
17;31;45;1;0;"G"
17;32;44;1;0;"G"
17;33;46;1;0;"G"
17;34;43;1;0;"G"
17;35;44;1;0;"G"
17;36;44;1;0;"G"
17;37;45;1;0;"G"
17;38;44;1;0;"G"
17;39;44;1;0;"G"
17;40;42;0;0;"G"
17;41;44;1;0;"G"
17;42;46;1;0;"G"
17;43;43;1;0;"G"
17;44;44;1;0;"G"
17;45;42;1;0;"G"
17;46;41;1;0;"G"
17;47;47;1;0;"G"
17;48;44;1;0;"G"
17;49;42;1;0;"G"
17;50;41;1;0;"G"
17;51;47;1;0;"G"
17;52;43;0;0;"G"
17;53;43;1;0;"G"
17;54;46;1;0;"G"
17;55;45;1;0;"G"
17;56;43;1;0;"G"
17;57;42;0;0;"G"
17;58;43;1;0;"G"
17;59;40;0;0;"G"
17;60;43;1;0;"G"
17;1;38;0;1;"G"
17;2;41;1;1;"G"
17;3;46;1;1;"G"
17;4;42;1;1;"G"
17;5;43;1;1;"G"
17;6;44;1;1;"G"
17;7;44;1;1;"G"
17;8;44;1;1;"G"
17;9;44;1;1;"G"
17;10;42;1;1;"G"
17;11;41;1;1;"G"
17;12;44;0;1;"G"
17;13;44;1;1;"G"
17;14;46;1;1;"G"
17;15;46;0;1;"G"
17;16;49;1;1;"G"
17;17;42;0;1;"G"
17;18;43;1;1;"G"
17;19;43;0;1;"G"
17;20;43;1;1;"G"
17;21;45;1;1;"G"
17;22;50;1;1;"G"
17;23;48;0;1;"G"
17;24;43;1;1;"G"
17;25;43;1;1;"G"
17;26;45;1;1;"G"
17;27;42;0;1;"G"
17;28;42;0;1;"G"
17;29;42;0;1;"G"
17;30;45;1;1;"G"
17;31;40;0;1;"G"
17;32;42;0;1;"G"
17;33;43;1;1;"G"
17;34;39;0;1;"G"
17;35;41;0;1;"G"
17;36;44;1;1;"G"
17;37;37;0;1;"G"
17;38;44;0;1;"G"
17;39;44;0;1;"G"
17;40;43;0;1;"G"
17;41;42;0;1;"G"
17;42;43;0;1;"G"
17;43;48;1;1;"G"
17;44;48;1;1;"G"
17;45;44;1;1;"G"
17;46;44;0;1;"G"
17;47;43;0;1;"G"
17;48;41;0;1;"G"
17;49;39;0;1;"G"
17;50;40;1;1;"G"
17;51;45;1;1;"G"
17;52;47;1;1;"G"
17;53;44;1;1;"G"
17;54;42;1;1;"G"
17;55;41;1;1;"G"
17;56;41;1;1;"G"
17;57;39;1;1;"G"
17;58;46;1;1;"G"
17;59;42;1;1;"G"
17;60;40;1;1;"G"
18;1;45;1;0;"F"
18;2;39;1;0;"F"
18;3;35;0;0;"F"
18;4;43;1;0;"F"
18;5;38;0;0;"F"
18;6;38;0;0;"F"
18;7;41;1;0;"F"
18;8;44;1;0;"F"
18;9;41;0;0;"F"
18;10;42;1;0;"F"
18;11;42;0;0;"F"
18;12;37;1;0;"F"
18;13;37;1;0;"F"
18;14;43;1;0;"F"
18;15;42;1;0;"F"
18;16;40;0;0;"F"
18;17;39;1;0;"F"
18;18;41;1;0;"F"
18;19;39;1;0;"F"
18;20;42;1;0;"F"
18;21;39;1;0;"F"
18;22;42;1;0;"F"
18;23;40;1;0;"F"
18;24;37;0;0;"F"
18;25;37;1;0;"F"
18;26;36;0;0;"F"
18;27;42;1;0;"F"
18;28;41;1;0;"F"
18;29;44;1;0;"F"
18;30;41;1;0;"F"
18;31;36;1;0;"F"
18;32;36;1;0;"F"
18;33;39;1;0;"F"
18;34;42;1;0;"F"
18;35;40;1;0;"F"
18;36;41;1;0;"F"
18;37;38;1;0;"F"
18;38;37;1;0;"F"
18;39;37;1;0;"F"
18;40;41;1;0;"F"
18;41;41;0;0;"F"
18;42;45;1;0;"F"
18;43;41;1;0;"F"
18;44;45;1;0;"F"
18;45;46;1;0;"F"
18;46;46;1;0;"F"
18;47;41;0;0;"F"
18;48;39;1;0;"F"
18;49;43;1;0;"F"
18;50;40;0;0;"F"
18;51;44;1;0;"F"
18;52;38;1;0;"F"
18;53;45;1;0;"F"
18;54;43;1;0;"F"
18;55;41;1;0;"F"
18;56;46;1;0;"F"
18;57;48;1;0;"F"
18;58;40;1;0;"F"
18;59;47;1;0;"F"
18;60;47;1;0;"F"
18;1;43;1;1;"F"
18;2;44;1;1;"F"
18;3;41;1;1;"F"
18;4;43;1;1;"F"
18;5;41;1;1;"F"
18;6;43;0;1;"F"
18;7;41;1;1;"F"
18;8;40;1;1;"F"
18;9;38;0;1;"F"
18;10;40;1;1;"F"
18;11;40;1;1;"F"
18;12;38;1;1;"F"
18;13;36;1;1;"F"
18;14;40;1;1;"F"
18;15;40;1;1;"F"
18;16;43;1;1;"F"
18;17;45;1;1;"F"
18;18;42;0;1;"F"
18;19;40;1;1;"F"
18;20;43;1;1;"F"
18;21;35;1;1;"F"
18;22;42;1;1;"F"
18;23;41;1;1;"F"
18;24;38;1;1;"F"
18;25;39;1;1;"F"
18;26;40;0;1;"F"
18;27;39;0;1;"F"
18;28;39;1;1;"F"
18;29;40;1;1;"F"
18;30;43;1;1;"F"
18;31;39;1;1;"F"
18;32;40;1;1;"F"
18;33;40;1;1;"F"
18;34;40;0;1;"F"
18;35;37;0;1;"F"
18;36;42;1;1;"F"
18;37;37;1;1;"F"
18;38;39;0;1;"F"
18;39;39;0;1;"F"
18;40;39;0;1;"F"
18;41;41;1;1;"F"
18;42;43;1;1;"F"
18;43;40;1;1;"F"
18;44;41;1;1;"F"
18;45;44;1;1;"F"
18;46;38;0;1;"F"
18;47;41;1;1;"F"
18;48;39;0;1;"F"
18;49;44;1;1;"F"
18;50;40;1;1;"F"
18;51;39;1;1;"F"
18;52;40;1;1;"F"
18;53;37;0;1;"F"
18;54;39;1;1;"F"
18;55;40;1;1;"F"
18;56;42;1;1;"F"
18;57;44;1;1;"F"
18;58;44;1;1;"F"
18;59;40;1;1;"F"
18;60;40;1;1;"F"
19;1;42;0;0;"G"
19;2;51;1;0;"G"
19;3;42;1;0;"G"
19;4;38;0;0;"G"
19;5;45;0;0;"G"
19;6;46;1;0;"G"
19;7;42;0;0;"G"
19;8;47;1;0;"G"
19;9;36;1;0;"G"
19;10;44;0;0;"G"
19;11;46;1;0;"G"
19;12;46;1;0;"G"
19;13;46;1;0;"G"
19;14;46;0;0;"G"
19;15;38;1;0;"G"
19;16;47;1;0;"G"
19;17;45;1;0;"G"
19;18;41;1;0;"G"
19;19;46;1;0;"G"
19;20;37;1;0;"G"
19;21;46;1;0;"G"
19;22;44;0;0;"G"
19;23;41;0;0;"G"
19;24;43;0;0;"G"
19;25;44;1;0;"G"
19;26;42;1;0;"G"
19;27;44;1;0;"G"
19;28;45;1;0;"G"
19;29;43;1;0;"G"
19;30;47;1;0;"G"
19;31;45;1;0;"G"
19;32;35;0;0;"G"
19;33;45;1;0;"G"
19;34;36;0;0;"G"
19;35;47;1;0;"G"
19;36;39;1;0;"G"
19;37;43;1;0;"G"
19;38;43;1;0;"G"
19;39;49;1;0;"G"
19;40;49;1;0;"G"
19;41;46;1;0;"G"
19;42;41;1;0;"G"
19;43;46;1;0;"G"
19;44;39;0;0;"G"
19;45;47;1;0;"G"
19;46;45;1;0;"G"
19;47;41;1;0;"G"
19;48;47;1;0;"G"
19;49;40;0;0;"G"
19;50;43;0;0;"G"
19;51;37;0;0;"G"
19;52;49;1;0;"G"
19;53;45;1;0;"G"
19;54;40;1;0;"G"
19;55;38;0;0;"G"
19;56;37;1;0;"G"
19;57;48;1;0;"G"
19;58;47;0;0;"G"
19;59;47;0;0;"G"
19;60;43;0;0;"G"
19;1;46;1;1;"G"
19;2;44;1;1;"G"
19;3;42;1;1;"G"
19;4;41;0;1;"G"
19;5;41;0;1;"G"
19;6;42;1;1;"G"
19;7;43;0;1;"G"
19;8;37;0;1;"G"
19;9;43;0;1;"G"
19;10;44;0;1;"G"
19;11;43;0;1;"G"
19;12;38;1;1;"G"
19;13;39;0;1;"G"
19;14;42;1;1;"G"
19;15;43;1;1;"G"
19;16;42;0;1;"G"
19;17;46;0;1;"G"
19;18;43;1;1;"G"
19;19;43;0;1;"G"
19;20;42;1;1;"G"
19;21;42;0;1;"G"
19;22;37;0;1;"G"
19;23;40;0;1;"G"
19;24;38;1;1;"G"
19;25;35;1;1;"G"
19;26;40;1;1;"G"
19;27;37;1;1;"G"
19;28;43;1;1;"G"
19;29;44;0;1;"G"
19;30;45;1;1;"G"
19;31;40;0;1;"G"
19;32;36;0;1;"G"
19;33;39;0;1;"G"
19;34;42;0;1;"G"
19;35;47;1;1;"G"
19;36;45;0;1;"G"
19;37;44;1;1;"G"
19;38;39;1;1;"G"
19;39;41;0;1;"G"
19;40;34;1;1;"G"
19;41;35;0;1;"G"
19;42;39;0;1;"G"
19;43;34;0;1;"G"
19;44;46;0;1;"G"
19;45;44;1;1;"G"
19;46;40;0;1;"G"
19;47;40;0;1;"G"
19;48;42;0;1;"G"
19;49;43;0;1;"G"
19;50;42;0;1;"G"
19;51;43;1;1;"G"
19;52;37;1;1;"G"
19;53;42;0;1;"G"
19;54;42;1;1;"G"
19;55;42;0;1;"G"
19;56;39;0;1;"G"
19;57;38;0;1;"G"
19;58;42;0;1;"G"
19;59;46;1;1;"G"
19;60;44;1;1;"G"
20;1;40;0;0;"G"
20;2;39;1;0;"G"
20;3;38;1;0;"G"
20;4;38;1;0;"G"
20;5;37;1;0;"G"
20;6;43;1;0;"G"
20;7;43;1;0;"G"
20;8;41;1;0;"G"
20;9;36;1;0;"G"
20;10;39;1;0;"G"
20;11;37;1;0;"G"
20;12;36;1;0;"G"
20;13;41;1;0;"G"
20;14;41;1;0;"G"
20;15;42;1;0;"G"
20;16;38;1;0;"G"
20;17;40;1;0;"G"
20;18;33;1;0;"G"
20;19;39;1;0;"G"
20;20;34;1;0;"G"
20;21;37;1;0;"G"
20;22;37;1;0;"G"
20;23;42;1;0;"G"
20;24;35;1;0;"G"
20;25;40;1;0;"G"
20;26;38;0;0;"G"
20;27;38;1;0;"G"
20;28;40;1;0;"G"
20;29;40;1;0;"G"
20;30;42;1;0;"G"
20;31;40;0;0;"G"
20;32;41;1;0;"G"
20;33;41;1;0;"G"
20;34;37;1;0;"G"
20;35;42;1;0;"G"
20;36;38;1;0;"G"
20;37;42;1;0;"G"
20;38;38;1;0;"G"
20;39;43;1;0;"G"
20;40;37;1;0;"G"
20;41;41;1;0;"G"
20;42;40;1;0;"G"
20;43;37;1;0;"G"
20;44;38;1;0;"G"
20;45;40;1;0;"G"
20;46;35;1;0;"G"
20;47;40;1;0;"G"
20;48;39;1;0;"G"
20;49;39;1;0;"G"
20;50;43;1;0;"G"
20;51;37;1;0;"G"
20;52;34;1;0;"G"
20;53;36;1;0;"G"
20;54;37;0;0;"G"
20;55;42;1;0;"G"
20;56;36;1;0;"G"
20;57;40;1;0;"G"
20;58;40;1;0;"G"
20;59;44;1;0;"G"
20;60;38;1;0;"G"
20;1;34;0;1;"G"
20;2;30;0;1;"G"
20;3;38;0;1;"G"
20;4;40;0;1;"G"
20;5;40;1;1;"G"
20;6;40;1;1;"G"
20;7;39;1;1;"G"
20;8;37;0;1;"G"
20;9;39;1;1;"G"
20;10;34;1;1;"G"
20;11;41;1;1;"G"
20;12;39;1;1;"G"
20;13;33;0;1;"G"
20;14;40;0;1;"G"
20;15;39;1;1;"G"
20;16;39;1;1;"G"
20;17;41;1;1;"G"
20;18;39;0;1;"G"
20;19;37;0;1;"G"
20;20;34;1;1;"G"
20;21;36;1;1;"G"
20;22;31;0;1;"G"
20;23;34;1;1;"G"
20;24;39;1;1;"G"
20;25;40;1;1;"G"
20;26;43;1;1;"G"
20;27;42;1;1;"G"
20;28;36;1;1;"G"
20;29;41;1;1;"G"
20;30;38;0;1;"G"
20;31;41;1;1;"G"
20;32;38;1;1;"G"
20;33;38;1;1;"G"
20;34;36;0;1;"G"
20;35;38;0;1;"G"
20;36;38;0;1;"G"
20;37;31;1;1;"G"
20;38;41;1;1;"G"
20;39;40;1;1;"G"
20;40;35;1;1;"G"
20;41;39;1;1;"G"
20;42;36;1;1;"G"
20;43;37;0;1;"G"
20;44;41;1;1;"G"
20;45;38;0;1;"G"
20;46;38;0;1;"G"
20;47;36;1;1;"G"
20;48;35;1;1;"G"
20;49;33;0;1;"G"
20;50;32;0;1;"G"
20;51;39;0;1;"G"
20;52;38;1;1;"G"
20;53;40;0;1;"G"
20;54;40;1;1;"G"
20;55;39;0;1;"G"
20;56;36;1;1;"G"
20;57;39;0;1;"G"
20;58;35;0;1;"G"
20;59;40;1;1;"G"
20;60;35;1;1;"G"
21;1;43;1;0;"G"
21;2;40;1;0;"G"
21;3;44;1;0;"G"
21;4;37;0;0;"G"
21;5;38;0;0;"G"
21;6;36;1;0;"G"
21;7;33;1;0;"G"
21;8;41;1;0;"G"
21;9;44;1;0;"G"
21;10;36;1;0;"G"
21;11;45;1;0;"G"
21;12;42;1;0;"G"
21;13;43;1;0;"G"
21;14;41;1;0;"G"
21;15;39;1;0;"G"
21;16;39;0;0;"G"
21;17;38;1;0;"G"
21;18;44;1;0;"G"
21;19;37;0;0;"G"
21;20;39;1;0;"G"
21;21;42;1;0;"G"
21;22;41;1;0;"G"
21;23;39;1;0;"G"
21;24;39;1;0;"G"
21;25;41;1;0;"G"
21;26;38;1;0;"G"
21;27;33;1;0;"G"
21;28;33;1;0;"G"
21;29;34;0;0;"G"
21;30;38;1;0;"G"
21;31;43;1;0;"G"
21;32;41;1;0;"G"
21;33;42;1;0;"G"
21;34;44;1;0;"G"
21;35;43;1;0;"G"
21;36;43;1;0;"G"
21;37;43;1;0;"G"
21;38;36;1;0;"G"
21;39;32;1;0;"G"
21;40;40;1;0;"G"
21;41;41;1;0;"G"
21;42;41;1;0;"G"
21;43;41;1;0;"G"
21;44;37;1;0;"G"
21;45;41;1;0;"G"
21;46;40;0;0;"G"
21;47;39;1;0;"G"
21;48;40;1;0;"G"
21;49;38;1;0;"G"
21;50;41;1;0;"G"
21;51;44;1;0;"G"
21;52;42;1;0;"G"
21;53;40;1;0;"G"
21;54;43;1;0;"G"
21;55;41;1;0;"G"
21;56;40;0;0;"G"
21;57;41;1;0;"G"
21;58;34;1;0;"G"
21;59;41;1;0;"G"
21;60;40;1;0;"G"
21;1;40;1;1;"G"
21;2;42;1;1;"G"
21;3;37;0;1;"G"
21;4;42;1;1;"G"
21;5;42;1;1;"G"
21;6;43;1;1;"G"
21;7;42;1;1;"G"
21;8;42;0;1;"G"
21;9;42;1;1;"G"
21;10;42;1;1;"G"
21;11;45;1;1;"G"
21;12;42;1;1;"G"
21;13;42;1;1;"G"
21;14;42;0;1;"G"
21;15;38;1;1;"G"
21;16;39;0;1;"G"
21;17;40;0;1;"G"
21;18;37;0;1;"G"
21;19;38;1;1;"G"
21;20;41;0;1;"G"
21;21;51;1;1;"G"
21;22;39;1;1;"G"
21;23;40;1;1;"G"
21;24;40;1;1;"G"
21;25;39;1;1;"G"
21;26;40;1;1;"G"
21;27;42;0;1;"G"
21;28;40;1;1;"G"
21;29;38;1;1;"G"
21;30;40;0;1;"G"
21;31;43;1;1;"G"
21;32;43;1;1;"G"
21;33;40;1;1;"G"
21;34;43;0;1;"G"
21;35;46;1;1;"G"
21;36;42;1;1;"G"
21;37;40;1;1;"G"
21;38;40;1;1;"G"
21;39;45;1;1;"G"
21;40;39;1;1;"G"
21;41;47;1;1;"G"
21;42;44;1;1;"G"
21;43;44;1;1;"G"
21;44;47;1;1;"G"
21;45;50;1;1;"G"
21;46;47;0;1;"G"
21;47;47;1;1;"G"
21;48;48;1;1;"G"
21;49;48;1;1;"G"
21;50;42;1;1;"G"
21;51;41;1;1;"G"
21;52;51;1;1;"G"
21;53;51;1;1;"G"
21;54;44;1;1;"G"
21;55;45;1;1;"G"
21;56;44;1;1;"G"
21;57;46;1;1;"G"
21;58;46;0;1;"G"
21;59;44;1;1;"G"
21;60;45;1;1;"G"
22;1;40;0;0;"G"
22;2;42;1;0;"G"
22;3;47;1;0;"G"
22;4;45;1;0;"G"
22;5;44;1;0;"G"
22;6;44;1;0;"G"
22;7;44;1;0;"G"
22;8;44;0;0;"G"
22;9;43;1;0;"G"
22;10;45;1;0;"G"
22;11;40;1;0;"G"
22;12;38;1;0;"G"
22;13;40;1;0;"G"
22;14;44;1;0;"G"
22;15;43;1;0;"G"
22;16;43;1;0;"G"
22;17;45;1;0;"G"
22;18;45;1;0;"G"
22;19;44;1;0;"G"
22;20;40;0;0;"G"
22;21;37;1;0;"G"
22;22;44;1;0;"G"
22;23;42;1;0;"G"
22;24;44;1;0;"G"
22;25;38;0;0;"G"
22;26;42;1;0;"G"
22;27;43;1;0;"G"
22;28;41;1;0;"G"
22;29;43;1;0;"G"
22;30;48;1;0;"G"
22;31;45;1;0;"G"
22;32;43;1;0;"G"
22;33;46;1;0;"G"
22;34;42;1;0;"G"
22;35;37;1;0;"G"
22;36;40;0;0;"G"
22;37;43;1;0;"G"
22;38;43;1;0;"G"
22;39;43;1;0;"G"
22;40;47;1;0;"G"
22;41;44;1;0;"G"
22;42;42;1;0;"G"
22;43;43;1;0;"G"
22;44;42;1;0;"G"
22;45;44;1;0;"G"
22;46;43;1;0;"G"
22;47;46;1;0;"G"
22;48;47;1;0;"G"
22;49;44;1;0;"G"
22;50;43;1;0;"G"
22;51;44;1;0;"G"
22;52;39;1;0;"G"
22;53;43;1;0;"G"
22;54;43;1;0;"G"
22;55;45;1;0;"G"
22;56;42;1;0;"G"
22;57;39;1;0;"G"
22;58;38;0;0;"G"
22;59;43;1;0;"G"
22;60;43;1;0;"G"
22;1;42;0;1;"G"
22;2;40;1;1;"G"
22;3;42;1;1;"G"
22;4;39;0;1;"G"
22;5;42;1;1;"G"
22;6;41;0;1;"G"
22;7;44;1;1;"G"
22;8;46;1;1;"G"
22;9;44;1;1;"G"
22;10;39;0;1;"G"
22;11;48;1;1;"G"
22;12;44;1;1;"G"
22;13;45;0;1;"G"
22;14;45;1;1;"G"
22;15;43;1;1;"G"
22;16;43;0;1;"G"
22;17;42;1;1;"G"
22;18;41;1;1;"G"
22;19;47;1;1;"G"
22;20;47;1;1;"G"
22;21;40;0;1;"G"
22;22;43;1;1;"G"
22;23;42;0;1;"G"
22;24;42;1;1;"G"
22;25;43;1;1;"G"
22;26;39;0;1;"G"
22;27;43;1;1;"G"
22;28;43;0;1;"G"
22;29;43;0;1;"G"
22;30;43;1;1;"G"
22;31;45;1;1;"G"
22;32;42;0;1;"G"
22;33;43;0;1;"G"
22;34;46;0;1;"G"
22;35;46;1;1;"G"
22;36;43;0;1;"G"
22;37;47;1;1;"G"
22;38;46;1;1;"G"
22;39;43;0;1;"G"
22;40;42;1;1;"G"
22;41;41;0;1;"G"
22;42;44;0;1;"G"
22;43;44;1;1;"G"
22;44;44;1;1;"G"
22;45;45;1;1;"G"
22;46;42;0;1;"G"
22;47;43;0;1;"G"
22;48;43;1;1;"G"
22;49;42;1;1;"G"
22;50;42;1;1;"G"
22;51;44;1;1;"G"
22;52;44;1;1;"G"
22;53;37;0;1;"G"
22;54;42;1;1;"G"
22;55;42;1;1;"G"
22;56;40;0;1;"G"
22;57;42;1;1;"G"
22;58;41;0;1;"G"
22;59;41;0;1;"G"
22;60;39;1;1;"G"
23;1;43;1;0;"F"
23;2;37;1;0;"F"
23;3;42;1;0;"F"
23;4;44;1;0;"F"
23;5;44;1;0;"F"
23;6;44;0;0;"F"
23;7;36;1;0;"F"
23;8;46;1;0;"F"
23;9;39;0;0;"F"
23;10;37;0;0;"F"
23;11;44;1;0;"F"
23;12;41;0;0;"F"
23;13;39;1;0;"F"
23;14;42;1;0;"F"
23;15;36;1;0;"F"
23;16;39;0;0;"F"
23;17;45;1;0;"F"
23;18;43;1;0;"F"
23;19;42;0;0;"F"
23;20;45;1;0;"F"
23;21;42;1;0;"F"
23;22;43;1;0;"F"
23;23;44;1;0;"F"
23;24;39;1;0;"F"
23;25;38;0;0;"F"
23;26;35;1;0;"F"
23;27;42;1;0;"F"
23;28;39;1;0;"F"
23;29;41;1;0;"F"
23;30;47;1;0;"F"
23;31;42;1;0;"F"
23;32;47;1;0;"F"
23;33;44;1;0;"F"
23;34;35;0;0;"F"
23;35;40;1;0;"F"
23;36;42;1;0;"F"
23;37;42;1;0;"F"
23;38;37;0;0;"F"
23;39;43;1;0;"F"
23;40;38;1;0;"F"
23;41;39;0;0;"F"
23;42;45;1;0;"F"
23;43;38;1;0;"F"
23;44;44;1;0;"F"
23;45;41;1;0;"F"
23;46;44;1;0;"F"
23;47;42;1;0;"F"
23;48;41;1;0;"F"
23;49;47;0;0;"F"
23;50;43;1;0;"F"
23;51;46;1;0;"F"
23;52;43;1;0;"F"
23;53;36;1;0;"F"
23;54;42;0;0;"F"
23;55;38;0;0;"F"
23;56;39;1;0;"F"
23;57;44;1;0;"F"
23;58;32;0;0;"F"
23;59;42;0;0;"F"
23;60;39;0;0;"F"
23;1;41;0;1;"F"
23;2;41;0;1;"F"
23;3;38;0;1;"F"
23;4;41;0;1;"F"
23;5;43;1;1;"F"
23;6;39;0;1;"F"
23;7;36;0;1;"F"
23;8;39;0;1;"F"
23;9;43;1;1;"F"
23;10;37;0;1;"F"
23;11;37;1;1;"F"
23;12;38;0;1;"F"
23;13;38;0;1;"F"
23;14;40;0;1;"F"
23;15;38;0;1;"F"
23;16;47;1;1;"F"
23;17;43;1;1;"F"
23;18;43;0;1;"F"
23;19;42;0;1;"F"
23;20;43;1;1;"F"
23;21;39;1;1;"F"
23;22;37;0;1;"F"
23;23;41;0;1;"F"
23;24;43;0;1;"F"
23;25;41;0;1;"F"
23;26;42;0;1;"F"
23;27;36;1;1;"F"
23;28;38;0;1;"F"
23;29;35;0;1;"F"
23;30;39;1;1;"F"
23;31;42;0;1;"F"
23;32;38;1;1;"F"
23;33;38;1;1;"F"
23;34;39;1;1;"F"
23;35;40;1;1;"F"
23;36;44;0;1;"F"
23;37;47;1;1;"F"
23;38;35;0;1;"F"
23;39;41;1;1;"F"
23;40;38;0;1;"F"
23;41;38;0;1;"F"
23;42;41;1;1;"F"
23;43;41;1;1;"F"
23;44;38;0;1;"F"
23;45;41;1;1;"F"
23;46;38;0;1;"F"
23;47;42;1;1;"F"
23;48;41;1;1;"F"
23;49;42;1;1;"F"
23;50;42;1;1;"F"
23;51;37;1;1;"F"
23;52;42;1;1;"F"
23;53;41;1;1;"F"
23;54;43;1;1;"F"
23;55;42;1;1;"F"
23;56;41;0;1;"F"
23;57;43;0;1;"F"
23;58;36;0;1;"F"
23;59;39;1;1;"F"
23;60;38;0;1;"F"
24;1;50;1;0;"F"
24;2;47;1;0;"F"
24;3;47;0;0;"F"
24;4;52;1;0;"F"
24;5;49;1;0;"F"
24;6;52;1;0;"F"
24;7;50;1;0;"F"
24;8;51;1;0;"F"
24;9;51;0;0;"F"
24;10;50;1;0;"F"
24;11;47;0;0;"F"
24;12;52;1;0;"F"
24;13;49;1;0;"F"
24;14;48;1;0;"F"
24;15;50;1;0;"F"
24;16;52;1;0;"F"
24;17;47;1;0;"F"
24;18;46;0;0;"F"
24;19;52;1;0;"F"
24;20;48;0;0;"F"
24;21;51;1;0;"F"
24;22;47;0;0;"F"
24;23;50;0;0;"F"
24;24;51;1;0;"F"
24;25;51;1;0;"F"
24;26;44;0;0;"F"
24;27;42;0;0;"F"
24;28;57;1;0;"F"
24;29;49;0;0;"F"
24;30;49;1;0;"F"
24;31;45;0;0;"F"
24;32;53;1;0;"F"
24;33;52;1;0;"F"
24;34;52;1;0;"F"
24;35;47;1;0;"F"
24;36;55;1;0;"F"
24;37;50;1;0;"F"
24;38;47;0;0;"F"
24;39;50;1;0;"F"
24;40;50;1;0;"F"
24;41;50;1;0;"F"
24;42;48;0;0;"F"
24;43;51;0;0;"F"
24;44;47;1;0;"F"
24;45;52;1;0;"F"
24;46;51;1;0;"F"
24;47;43;1;0;"F"
24;48;48;1;0;"F"
24;49;50;1;0;"F"
24;50;48;1;0;"F"
24;51;51;1;0;"F"
24;52;50;1;0;"F"
24;53;47;0;0;"F"
24;54;50;0;0;"F"
24;55;53;1;0;"F"
24;56;50;1;0;"F"
24;57;49;1;0;"F"
24;58;52;1;0;"F"
24;59;51;1;0;"F"
24;60;51;1;0;"F"
24;1;27;0;1;"F"
24;2;46;0;1;"F"
24;3;51;1;1;"F"
24;4;47;0;1;"F"
24;5;47;1;1;"F"
24;6;54;1;1;"F"
24;7;50;0;1;"F"
24;8;51;0;1;"F"
24;9;50;1;1;"F"
24;10;50;1;1;"F"
24;11;50;1;1;"F"
24;12;46;1;1;"F"
24;13;45;1;1;"F"
24;14;46;1;1;"F"
24;15;47;1;1;"F"
24;16;47;1;1;"F"
24;17;50;1;1;"F"
24;18;46;0;1;"F"
24;19;51;1;1;"F"
24;20;45;0;1;"F"
24;21;46;1;1;"F"
24;22;45;0;1;"F"
24;23;47;0;1;"F"
24;24;47;0;1;"F"
24;25;48;0;1;"F"
24;26;48;0;1;"F"
24;27;47;1;1;"F"
24;28;47;0;1;"F"
24;29;49;1;1;"F"
24;30;47;1;1;"F"
24;31;47;1;1;"F"
24;32;49;1;1;"F"
24;33;48;0;1;"F"
24;34;47;1;1;"F"
24;35;52;0;1;"F"
24;36;48;0;1;"F"
24;37;51;1;1;"F"
24;38;46;0;1;"F"
24;39;48;1;1;"F"
24;40;43;0;1;"F"
24;41;48;1;1;"F"
24;42;46;0;1;"F"
24;43;47;0;1;"F"
24;44;47;0;1;"F"
24;45;45;1;1;"F"
24;46;44;1;1;"F"
24;47;48;1;1;"F"
24;48;47;1;1;"F"
24;49;49;1;1;"F"
24;50;51;0;1;"F"
24;51;50;1;1;"F"
24;52;50;0;1;"F"
24;53;45;0;1;"F"
24;54;51;1;1;"F"
24;55;48;1;1;"F"
24;56;45;1;1;"F"
24;57;48;0;1;"F"
24;58;47;1;1;"F"
24;59;46;0;1;"F"
24;60;42;0;1;"F"
25;1;50;1;0;"F"
25;2;47;1;0;"F"
25;3;43;0;0;"F"
25;4;42;0;0;"F"
25;5;43;1;0;"F"
25;6;43;1;0;"F"
25;7;39;1;0;"F"
25;8;43;0;0;"F"
25;9;45;1;0;"F"
25;10;41;1;0;"F"
25;11;38;1;0;"F"
25;12;48;1;0;"F"
25;13;42;1;0;"F"
25;14;43;1;0;"F"
25;15;40;0;0;"F"
25;16;42;0;0;"F"
25;17;43;1;0;"F"
25;18;40;0;0;"F"
25;19;42;1;0;"F"
25;20;48;0;0;"F"
25;21;47;1;0;"F"
25;22;44;0;0;"F"
25;23;36;0;0;"F"
25;24;43;1;0;"F"
25;25;41;0;0;"F"
25;26;41;0;0;"F"
25;27;44;1;0;"F"
25;28;47;1;0;"F"
25;29;49;1;0;"F"
25;30;39;1;0;"F"
25;31;45;1;0;"F"
25;32;44;0;0;"F"
25;33;47;1;0;"F"
25;34;45;1;0;"F"
25;35;48;1;0;"F"
25;36;49;1;0;"F"
25;37;41;1;0;"F"
25;38;44;0;0;"F"
25;39;42;0;0;"F"
25;40;45;1;0;"F"
25;41;43;1;0;"F"
25;42;45;1;0;"F"
25;43;43;1;0;"F"
25;44;49;1;0;"F"
25;45;46;1;0;"F"
25;46;46;1;0;"F"
25;47;43;1;0;"F"
25;48;44;1;0;"F"
25;49;45;1;0;"F"
25;50;43;1;0;"F"
25;51;44;0;0;"F"
25;52;43;1;0;"F"
25;53;45;1;0;"F"
25;54;43;1;0;"F"
25;55;46;1;0;"F"
25;56;42;0;0;"F"
25;57;46;1;0;"F"
25;58;41;0;0;"F"
25;59;45;1;0;"F"
25;60;45;1;0;"F"
25;1;39;1;1;"F"
25;2;36;0;1;"F"
25;3;38;1;1;"F"
25;4;42;1;1;"F"
25;5;41;1;1;"F"
25;6;38;1;1;"F"
25;7;38;1;1;"F"
25;8;45;1;1;"F"
25;9;40;1;1;"F"
25;10;37;0;1;"F"
25;11;42;1;1;"F"
25;12;38;1;1;"F"
25;13;43;1;1;"F"
25;14;40;0;1;"F"
25;15;40;0;1;"F"
25;16;41;0;1;"F"
25;17;40;0;1;"F"
25;18;45;1;1;"F"
25;19;42;1;1;"F"
25;20;38;1;1;"F"
25;21;39;1;1;"F"
25;22;41;0;1;"F"
25;23;40;1;1;"F"
25;24;40;1;1;"F"
25;25;38;1;1;"F"
25;26;35;0;1;"F"
25;27;45;1;1;"F"
25;28;48;1;1;"F"
25;29;44;0;1;"F"
25;30;38;0;1;"F"
25;31;38;1;1;"F"
25;32;37;0;1;"F"
25;33;34;0;1;"F"
25;34;45;0;1;"F"
25;35;43;1;1;"F"
25;36;45;1;1;"F"
25;37;41;1;1;"F"
25;38;37;0;1;"F"
25;39;41;1;1;"F"
25;40;41;0;1;"F"
25;41;42;0;1;"F"
25;42;39;0;1;"F"
25;43;42;1;1;"F"
25;44;42;1;1;"F"
25;45;38;1;1;"F"
25;46;42;1;1;"F"
25;47;41;1;1;"F"
25;48;42;1;1;"F"
25;49;40;1;1;"F"
25;50;43;0;1;"F"
25;51;44;1;1;"F"
25;52;43;1;1;"F"
25;53;38;0;1;"F"
25;54;42;1;1;"F"
25;55;40;1;1;"F"
25;56;40;1;1;"F"
25;57;38;0;1;"F"
25;58;38;0;1;"F"
25;59;37;1;1;"F"
25;60;40;1;1;"F"
26;1;46;1;0;"G"
26;2;42;1;0;"G"
26;3;39;1;0;"G"
26;4;40;1;0;"G"
26;5;36;1;0;"G"
26;6;44;1;0;"G"
26;7;40;0;0;"G"
26;8;38;0;0;"G"
26;9;46;0;0;"G"
26;10;42;1;0;"G"
26;11;38;0;0;"G"
26;12;39;1;0;"G"
26;13;41;1;0;"G"
26;14;42;1;0;"G"
26;15;38;0;0;"G"
26;16;39;1;0;"G"
26;17;39;0;0;"G"
26;18;43;1;0;"G"
26;19;40;1;0;"G"
26;20;43;1;0;"G"
26;21;46;1;0;"G"
26;22;40;1;0;"G"
26;23;45;1;0;"G"
26;24;42;1;0;"G"
26;25;44;1;0;"G"
26;26;38;0;0;"G"
26;27;43;1;0;"G"
26;28;41;1;0;"G"
26;29;42;1;0;"G"
26;30;43;1;0;"G"
26;31;40;1;0;"G"
26;32;45;1;0;"G"
26;33;39;1;0;"G"
26;34;40;0;0;"G"
26;35;44;1;0;"G"
26;36;41;1;0;"G"
26;37;37;1;0;"G"
26;38;39;1;0;"G"
26;39;39;1;0;"G"
26;40;41;1;0;"G"
26;41;42;1;0;"G"
26;42;43;1;0;"G"
26;43;43;0;0;"G"
26;44;39;1;0;"G"
26;45;39;1;0;"G"
26;46;41;0;0;"G"
26;47;41;1;0;"G"
26;48;41;1;0;"G"
26;49;42;1;0;"G"
26;50;38;1;0;"G"
26;51;40;1;0;"G"
26;52;38;1;0;"G"
26;53;44;1;0;"G"
26;54;44;1;0;"G"
26;55;46;1;0;"G"
26;56;41;1;0;"G"
26;57;44;1;0;"G"
26;58;40;1;0;"G"
26;59;46;1;0;"G"
26;60;43;1;0;"G"
26;1;47;1;1;"G"
26;2;45;0;1;"G"
26;3;49;0;1;"G"
26;4;49;0;1;"G"
26;5;36;0;1;"G"
26;6;39;1;1;"G"
26;7;40;0;1;"G"
26;8;39;1;1;"G"
26;9;46;1;1;"G"
26;10;43;1;1;"G"
26;11;48;1;1;"G"
26;12;44;1;1;"G"
26;13;42;1;1;"G"
26;14;41;1;1;"G"
26;15;46;1;1;"G"
26;16;44;1;1;"G"
26;17;43;0;1;"G"
26;18;41;0;1;"G"
26;19;44;1;1;"G"
26;20;45;0;1;"G"
26;21;45;0;1;"G"
26;22;41;1;1;"G"
26;23;42;1;1;"G"
26;24;42;0;1;"G"
26;25;43;1;1;"G"
26;26;41;0;1;"G"
26;27;42;1;1;"G"
26;28;42;1;1;"G"
26;29;43;0;1;"G"
26;30;41;1;1;"G"
26;31;44;1;1;"G"
26;32;41;1;1;"G"
26;33;41;1;1;"G"
26;34;41;1;1;"G"
26;35;39;1;1;"G"
26;36;39;0;1;"G"
26;37;42;1;1;"G"
26;38;41;0;1;"G"
26;39;42;1;1;"G"
26;40;41;1;1;"G"
26;41;43;0;1;"G"
26;42;48;1;1;"G"
26;43;42;1;1;"G"
26;44;36;1;1;"G"
26;45;43;0;1;"G"
26;46;43;1;1;"G"
26;47;42;1;1;"G"
26;48;43;1;1;"G"
26;49;42;0;1;"G"
26;50;40;1;1;"G"
26;51;42;1;1;"G"
26;52;41;1;1;"G"
26;53;39;1;1;"G"
26;54;43;0;1;"G"
26;55;43;1;1;"G"
26;56;41;0;1;"G"
26;57;45;0;1;"G"
26;58;46;1;1;"G"
26;59;42;1;1;"G"
26;60;39;1;1;"G"
27;1;38;1;0;"F"
27;2;40;1;0;"F"
27;3;35;0;0;"F"
27;4;39;0;0;"F"
27;5;30;1;0;"F"
27;6;35;0;0;"F"
27;7;33;0;0;"F"
27;8;36;0;0;"F"
27;9;37;1;0;"F"
27;10;40;1;0;"F"
27;11;38;0;0;"F"
27;12;39;1;0;"F"
27;13;36;1;0;"F"
27;14;43;0;0;"F"
27;15;34;1;0;"F"
27;16;35;1;0;"F"
27;17;43;1;0;"F"
27;18;39;1;0;"F"
27;19;40;0;0;"F"
27;20;34;0;0;"F"
27;21;34;1;0;"F"
27;22;39;0;0;"F"
27;23;39;1;0;"F"
27;24;38;1;0;"F"
27;25;31;1;0;"F"
27;26;33;0;0;"F"
27;27;37;1;0;"F"
27;28;39;1;0;"F"
27;29;35;1;0;"F"
27;30;36;0;0;"F"
27;31;37;1;0;"F"
27;32;39;1;0;"F"
27;33;35;1;0;"F"
27;34;38;1;0;"F"
27;35;34;1;0;"F"
27;36;38;1;0;"F"
27;37;37;0;0;"F"
27;38;39;0;0;"F"
27;39;32;1;0;"F"
27;40;37;0;0;"F"
27;41;37;1;0;"F"
27;42;38;1;0;"F"
27;43;39;1;0;"F"
27;44;41;0;0;"F"
27;45;38;0;0;"F"
27;46;37;1;0;"F"
27;47;29;1;0;"F"
27;48;41;0;0;"F"
27;49;35;1;0;"F"
27;50;42;0;0;"F"
27;51;31;1;0;"F"
27;52;31;0;0;"F"
27;53;31;0;0;"F"
27;54;31;1;0;"F"
27;55;35;1;0;"F"
27;56;35;0;0;"F"
27;57;38;1;0;"F"
27;58;38;1;0;"F"
27;59;36;1;0;"F"
27;60;40;0;0;"F"
27;1;31;0;1;"F"
27;2;33;1;1;"F"
27;3;34;0;1;"F"
27;4;29;0;1;"F"
27;5;39;0;1;"F"
27;6;35;0;1;"F"
27;7;32;1;1;"F"
27;8;37;0;1;"F"
27;9;34;1;1;"F"
27;10;33;0;1;"F"
27;11;40;0;1;"F"
27;12;40;1;1;"F"
27;13;34;0;1;"F"
27;14;32;0;1;"F"
27;15;33;0;1;"F"
27;16;35;0;1;"F"
27;17;37;1;1;"F"
27;18;35;0;1;"F"
27;19;37;1;1;"F"
27;20;30;0;1;"F"
27;21;35;1;1;"F"
27;22;32;0;1;"F"
27;23;28;0;1;"F"
27;24;32;0;1;"F"
27;25;32;1;1;"F"
27;26;35;0;1;"F"
27;27;33;0;1;"F"
27;28;32;0;1;"F"
27;29;35;0;1;"F"
27;30;32;0;1;"F"
27;31;32;1;1;"F"
27;32;33;1;1;"F"
27;33;39;1;1;"F"
27;34;36;1;1;"F"
27;35;38;0;1;"F"
27;36;38;0;1;"F"
27;37;38;0;1;"F"
27;38;36;0;1;"F"
27;39;37;0;1;"F"
27;40;40;0;1;"F"
27;41;40;0;1;"F"
27;42;38;1;1;"F"
27;43;35;0;1;"F"
27;44;36;1;1;"F"
27;45;41;1;1;"F"
27;46;33;0;1;"F"
27;47;30;0;1;"F"
27;48;37;0;1;"F"
27;49;40;1;1;"F"
27;50;35;0;1;"F"
27;51;30;0;1;"F"
27;52;38;1;1;"F"
27;53;37;1;1;"F"
27;54;37;1;1;"F"
27;55;30;0;1;"F"
27;56;32;0;1;"F"
27;57;34;0;1;"F"
27;58;34;0;1;"F"
27;59;42;1;1;"F"
27;60;38;0;1;"F"
28;1;45;1;0;"F"
28;2;44;1;0;"F"
28;3;42;1;0;"F"
28;4;39;0;0;"F"
28;5;45;1;0;"F"
28;6;43;1;0;"F"
28;7;46;1;0;"F"
28;8;44;1;0;"F"
28;9;42;1;0;"F"
28;10;42;1;0;"F"
28;11;45;1;0;"F"
28;12;45;0;0;"F"
28;13;44;0;0;"F"
28;14;43;1;0;"F"
28;15;43;1;0;"F"
28;16;41;1;0;"F"
28;17;39;1;0;"F"
28;18;40;1;0;"F"
28;19;39;0;0;"F"
28;20;42;1;0;"F"
28;21;42;0;0;"F"
28;22;43;1;0;"F"
28;23;48;1;0;"F"
28;24;47;1;0;"F"
28;25;40;1;0;"F"
28;26;40;1;0;"F"
28;27;42;1;0;"F"
28;28;42;1;0;"F"
28;29;40;0;0;"F"
28;30;41;1;0;"F"
28;31;40;1;0;"F"
28;32;44;1;0;"F"
28;33;41;0;0;"F"
28;34;41;0;0;"F"
28;35;44;1;0;"F"
28;36;43;1;0;"F"
28;37;43;1;0;"F"
28;38;42;0;0;"F"
28;39;42;0;0;"F"
28;40;44;0;0;"F"
28;41;40;0;0;"F"
28;42;38;0;0;"F"
28;43;40;0;0;"F"
28;44;40;1;0;"F"
28;45;48;1;0;"F"
28;46;42;1;0;"F"
28;47;49;1;0;"F"
28;48;49;0;0;"F"
28;49;47;1;0;"F"
28;50;42;0;0;"F"
28;51;44;1;0;"F"
28;52;43;1;0;"F"
28;53;46;1;0;"F"
28;54;42;1;0;"F"
28;55;43;1;0;"F"
28;56;35;0;0;"F"
28;57;40;1;0;"F"
28;58;34;1;0;"F"
28;59;39;1;0;"F"
28;60;39;1;0;"F"
28;1;42;1;1;"F"
28;2;36;0;1;"F"
28;3;38;0;1;"F"
28;4;40;1;1;"F"
28;5;41;0;1;"F"
28;6;43;1;1;"F"
28;7;37;0;1;"F"
28;8;38;1;1;"F"
28;9;38;0;1;"F"
28;10;39;0;1;"F"
28;11;39;0;1;"F"
28;12;40;1;1;"F"
28;13;39;1;1;"F"
28;14;38;0;1;"F"
28;15;38;0;1;"F"
28;16;37;1;1;"F"
28;17;33;0;1;"F"
28;18;40;1;1;"F"
28;19;37;0;1;"F"
28;20;35;0;1;"F"
28;21;39;0;1;"F"
28;22;44;1;1;"F"
28;23;41;0;1;"F"
28;24;38;0;1;"F"
28;25;36;1;1;"F"
28;26;37;1;1;"F"
28;27;31;0;1;"F"
28;28;39;1;1;"F"
28;29;36;1;1;"F"
28;30;38;1;1;"F"
28;31;38;1;1;"F"
28;32;41;1;1;"F"
28;33;38;1;1;"F"
28;34;38;1;1;"F"
28;35;36;1;1;"F"
28;36;32;0;1;"F"
28;37;35;0;1;"F"
28;38;32;0;1;"F"
28;39;38;1;1;"F"
28;40;38;0;1;"F"
28;41;40;0;1;"F"
28;42;39;0;1;"F"
28;43;40;0;1;"F"
28;44;34;1;1;"F"
28;45;37;0;1;"F"
28;46;39;1;1;"F"
28;47;35;1;1;"F"
28;48;41;1;1;"F"
28;49;38;1;1;"F"
28;50;40;1;1;"F"
28;51;41;0;1;"F"
28;52;37;0;1;"F"
28;53;40;1;1;"F"
28;54;40;1;1;"F"
28;55;37;1;1;"F"
28;56;37;0;1;"F"
28;57;34;0;1;"F"
28;58;37;1;1;"F"
28;59;40;1;1;"F"
28;60;35;1;1;"F"
29;1;42;1;0;"F"
29;2;41;1;0;"F"
29;3;41;1;0;"F"
29;4;38;1;0;"F"
29;5;42;1;0;"F"
29;6;42;1;0;"F"
29;7;40;1;0;"F"
29;8;35;0;0;"F"
29;9;35;1;0;"F"
29;10;42;1;0;"F"
29;11;39;0;0;"F"
29;12;41;0;0;"F"
29;13;42;1;0;"F"
29;14;40;1;0;"F"
29;15;40;0;0;"F"
29;16;43;1;0;"F"
29;17;41;1;0;"F"
29;18;44;1;0;"F"
29;19;44;1;0;"F"
29;20;45;1;0;"F"
29;21;40;0;0;"F"
29;22;39;0;0;"F"
29;23;47;1;0;"F"
29;24;41;1;0;"F"
29;25;44;1;0;"F"
29;26;44;1;0;"F"
29;27;43;1;0;"F"
29;28;43;1;0;"F"
29;29;41;1;0;"F"
29;30;44;1;0;"F"
29;31;44;1;0;"F"
29;32;44;1;0;"F"
29;33;41;1;0;"F"
29;34;39;1;0;"F"
29;35;40;1;0;"F"
29;36;42;1;0;"F"
29;37;43;0;0;"F"
29;38;40;1;0;"F"
29;39;42;1;0;"F"
29;40;36;1;0;"F"
29;41;43;1;0;"F"
29;42;42;1;0;"F"
29;43;40;0;0;"F"
29;44;38;0;0;"F"
29;45;40;0;0;"F"
29;46;43;1;0;"F"
29;47;43;1;0;"F"
29;48;42;1;0;"F"
29;49;38;1;0;"F"
29;50;46;1;0;"F"
29;51;44;1;0;"F"
29;52;41;1;0;"F"
29;53;41;0;0;"F"
29;54;42;1;0;"F"
29;55;42;1;0;"F"
29;56;43;1;0;"F"
29;57;41;1;0;"F"
29;58;43;1;0;"F"
29;59;46;1;0;"F"
29;60;43;1;0;"F"
29;1;44;1;1;"F"
29;2;39;1;1;"F"
29;3;36;0;1;"F"
29;4;37;0;1;"F"
29;5;42;1;1;"F"
29;6;38;1;1;"F"
29;7;39;1;1;"F"
29;8;45;0;1;"F"
29;9;40;0;1;"F"
29;10;40;0;1;"F"
29;11;41;1;1;"F"
29;12;44;0;1;"F"
29;13;40;1;1;"F"
29;14;42;1;1;"F"
29;15;41;1;1;"F"
29;16;42;1;1;"F"
29;17;40;0;1;"F"
29;18;42;0;1;"F"
29;19;39;0;1;"F"
29;20;39;1;1;"F"
29;21;42;1;1;"F"
29;22;36;1;1;"F"
29;23;43;1;1;"F"
29;24;42;1;1;"F"
29;25;42;1;1;"F"
29;26;42;1;1;"F"
29;27;42;0;1;"F"
29;28;45;1;1;"F"
29;29;42;0;1;"F"
29;30;45;1;1;"F"
29;31;44;0;1;"F"
29;32;47;1;1;"F"
29;33;47;1;1;"F"
29;34;46;1;1;"F"
29;35;42;0;1;"F"
29;36;38;0;1;"F"
29;37;44;1;1;"F"
29;38;41;0;1;"F"
29;39;45;1;1;"F"
29;40;41;1;1;"F"
29;41;42;0;1;"F"
29;42;43;1;1;"F"
29;43;43;1;1;"F"
29;44;42;1;1;"F"
29;45;41;1;1;"F"
29;46;40;1;1;"F"
29;47;43;1;1;"F"
29;48;43;1;1;"F"
29;49;43;1;1;"F"
29;50;41;1;1;"F"
29;51;43;0;1;"F"
29;52;41;1;1;"F"
29;53;44;1;1;"F"
29;54;42;1;1;"F"
29;55;40;1;1;"F"
29;56;41;0;1;"F"
29;57;41;0;1;"F"
29;58;40;1;1;"F"
29;59;40;1;1;"F"
29;60;42;1;1;"F"
30;1;43;1;0;"F"
30;2;42;1;0;"F"
30;3;43;1;0;"F"
30;4;43;0;0;"F"
30;5;42;1;0;"F"
30;6;44;1;0;"F"
30;7;46;1;0;"F"
30;8;44;1;0;"F"
30;9;38;0;0;"F"
30;10;44;0;0;"F"
30;11;43;1;0;"F"
30;12;46;1;0;"F"
30;13;46;0;0;"F"
30;14;47;1;0;"F"
30;15;44;1;0;"F"
30;16;47;1;0;"F"
30;17;41;0;0;"F"
30;18;45;1;0;"F"
30;19;44;1;0;"F"
30;20;43;1;0;"F"
30;21;44;1;0;"F"
30;22;42;1;0;"F"
30;23;41;1;0;"F"
30;24;41;1;0;"F"
30;25;46;1;0;"F"
30;26;42;0;0;"F"
30;27;39;1;0;"F"
30;28;47;1;0;"F"
30;29;46;1;0;"F"
30;30;44;1;0;"F"
30;31;48;1;0;"F"
30;32;40;1;0;"F"
30;33;44;1;0;"F"
30;34;43;0;0;"F"
30;35;45;1;0;"F"
30;36;42;0;0;"F"
30;37;46;1;0;"F"
30;38;44;1;0;"F"
30;39;42;0;0;"F"
30;40;40;1;0;"F"
30;41;47;1;0;"F"
30;42;43;1;0;"F"
30;43;42;1;0;"F"
30;44;45;1;0;"F"
30;45;42;1;0;"F"
30;46;41;1;0;"F"
30;47;41;1;0;"F"
30;48;43;1;0;"F"
30;49;46;1;0;"F"
30;50;43;0;0;"F"
30;51;39;1;0;"F"
30;52;43;1;0;"F"
30;53;41;1;0;"F"
30;54;41;1;0;"F"
30;55;42;1;0;"F"
30;56;45;1;0;"F"
30;57;45;1;0;"F"
30;58;44;1;0;"F"
30;59;44;1;0;"F"
30;60;45;1;0;"F"
30;1;41;0;1;"F"
30;2;40;1;1;"F"
30;3;43;1;1;"F"
30;4;39;0;1;"F"
30;5;44;1;1;"F"
30;6;44;1;1;"F"
30;7;43;0;1;"F"
30;8;42;1;1;"F"
30;9;42;0;1;"F"
30;10;45;1;1;"F"
30;11;43;1;1;"F"
30;12;43;1;1;"F"
30;13;43;1;1;"F"
30;14;42;1;1;"F"
30;15;46;1;1;"F"
30;16;43;1;1;"F"
30;17;43;1;1;"F"
30;18;41;0;1;"F"
30;19;46;1;1;"F"
30;20;41;1;1;"F"
30;21;38;0;1;"F"
30;22;37;0;1;"F"
30;23;37;0;1;"F"
30;24;39;1;1;"F"
30;25;39;1;1;"F"
30;26;41;1;1;"F"
30;27;40;0;1;"F"
30;28;42;0;1;"F"
30;29;43;0;1;"F"
30;30;40;0;1;"F"
30;31;42;1;1;"F"
30;32;41;1;1;"F"
30;33;41;1;1;"F"
30;34;44;1;1;"F"
30;35;42;1;1;"F"
30;36;41;0;1;"F"
30;37;43;1;1;"F"
30;38;39;1;1;"F"
30;39;45;1;1;"F"
30;40;43;0;1;"F"
30;41;43;0;1;"F"
30;42;42;0;1;"F"
30;43;44;1;1;"F"
30;44;42;1;1;"F"
30;45;45;1;1;"F"
30;46;40;1;1;"F"
30;47;41;0;1;"F"
30;48;42;1;1;"F"
30;49;50;1;1;"F"
30;50;47;1;1;"F"
30;51;47;0;1;"F"
30;52;43;0;1;"F"
30;53;43;1;1;"F"
30;54;45;1;1;"F"
30;55;48;1;1;"F"
30;56;39;0;1;"F"
30;57;44;1;1;"F"
30;58;40;0;1;"F"
30;59;44;0;1;"F"
30;60;44;1;1;"F"
31;1;39;0;0;"G"
31;2;35;0;0;"G"
31;3;33;1;0;"G"
31;4;34;0;0;"G"
31;5;37;0;0;"G"
31;6;39;1;0;"G"
31;7;34;1;0;"G"
31;8;33;0;0;"G"
31;9;33;0;0;"G"
31;10;38;1;0;"G"
31;11;39;1;0;"G"
31;12;39;0;0;"G"
31;13;33;1;0;"G"
31;14;30;0;0;"G"
31;15;32;1;0;"G"
31;16;36;1;0;"G"
31;17;38;1;0;"G"
31;18;36;0;0;"G"
31;19;34;1;0;"G"
31;20;35;1;0;"G"
31;21;38;0;0;"G"
31;22;35;0;0;"G"
31;23;34;1;0;"G"
31;24;34;0;0;"G"
31;25;38;1;0;"G"
31;26;32;1;0;"G"
31;27;36;1;0;"G"
31;28;27;1;0;"G"
31;29;32;0;0;"G"
31;30;37;1;0;"G"
31;31;39;0;0;"G"
31;32;34;0;0;"G"
31;33;33;0;0;"G"
31;34;35;1;0;"G"
31;35;33;0;0;"G"
31;36;38;1;0;"G"
31;37;35;0;0;"G"
31;38;27;1;0;"G"
31;39;37;1;0;"G"
31;40;36;0;0;"G"
31;41;41;1;0;"G"
31;42;36;1;0;"G"
31;43;35;1;0;"G"
31;44;39;1;0;"G"
31;45;36;1;0;"G"
31;46;37;0;0;"G"
31;47;37;1;0;"G"
31;48;35;1;0;"G"
31;49;38;0;0;"G"
31;50;34;1;0;"G"
31;51;39;1;0;"G"
31;52;39;1;0;"G"
31;53;37;1;0;"G"
31;54;39;1;0;"G"
31;55;37;1;0;"G"
31;56;35;1;0;"G"
31;57;35;1;0;"G"
31;58;35;1;0;"G"
31;59;37;1;0;"G"
31;60;32;1;0;"G"
31;1;30;0;1;"G"
31;2;30;0;1;"G"
31;3;37;1;1;"G"
31;4;33;0;1;"G"
31;5;37;1;1;"G"
31;6;34;0;1;"G"
31;7;35;1;1;"G"
31;8;35;1;1;"G"
31;9;32;0;1;"G"
31;10;38;0;1;"G"
31;11;36;1;1;"G"
31;12;36;1;1;"G"
31;13;34;0;1;"G"
31;14;34;1;1;"G"
31;15;33;1;1;"G"
31;16;36;1;1;"G"
31;17;35;1;1;"G"
31;18;32;0;1;"G"
31;19;30;1;1;"G"
31;20;32;0;1;"G"
31;21;34;0;1;"G"
31;22;32;0;1;"G"
31;23;35;0;1;"G"
31;24;27;1;1;"G"
31;25;34;0;1;"G"
31;26;31;0;1;"G"
31;27;36;0;1;"G"
31;28;35;0;1;"G"
31;29;26;0;1;"G"
31;30;35;0;1;"G"
31;31;36;1;1;"G"
31;32;33;0;1;"G"
31;33;33;1;1;"G"
31;34;35;1;1;"G"
31;35;33;1;1;"G"
31;36;35;0;1;"G"
31;37;32;0;1;"G"
31;38;29;0;1;"G"
31;39;33;1;1;"G"
31;40;33;0;1;"G"
31;41;35;0;1;"G"
31;42;39;1;1;"G"
31;43;35;0;1;"G"
31;44;32;1;1;"G"
31;45;34;0;1;"G"
31;46;29;1;1;"G"
31;47;36;0;1;"G"
31;48;35;0;1;"G"
31;49;32;0;1;"G"
31;50;28;0;1;"G"
31;51;40;1;1;"G"
31;52;33;1;1;"G"
31;53;31;0;1;"G"
31;54;36;0;1;"G"
31;55;32;1;1;"G"
31;56;32;1;1;"G"
31;57;35;0;1;"G"
31;58;34;0;1;"G"
31;59;32;0;1;"G"
31;60;33;0;1;"G"
32;1;45;1;0;"G"
32;2;36;0;0;"G"
32;3;39;1;0;"G"
32;4;41;1;0;"G"
32;5;39;1;0;"G"
32;6;40;1;0;"G"
32;7;40;1;0;"G"
32;8;36;0;0;"G"
32;9;41;1;0;"G"
32;10;34;0;0;"G"
32;11;41;1;0;"G"
32;12;41;1;0;"G"
32;13;39;1;0;"G"
32;14;44;1;0;"G"
32;15;42;1;0;"G"
32;16;40;1;0;"G"
32;17;37;1;0;"G"
32;18;36;1;0;"G"
32;19;40;1;0;"G"
32;20;41;1;0;"G"
32;21;41;1;0;"G"
32;22;39;1;0;"G"
32;23;43;1;0;"G"
32;24;36;0;0;"G"
32;25;42;1;0;"G"
32;26;35;0;0;"G"
32;27;40;0;0;"G"
32;28;33;0;0;"G"
32;29;41;1;0;"G"
32;30;41;1;0;"G"
32;31;41;1;0;"G"
32;32;38;1;0;"G"
32;33;35;0;0;"G"
32;34;37;1;0;"G"
32;35;37;1;0;"G"
32;36;38;1;0;"G"
32;37;41;1;0;"G"
32;38;36;0;0;"G"
32;39;38;0;0;"G"
32;40;36;1;0;"G"
32;41;45;1;0;"G"
32;42;40;1;0;"G"
32;43;40;1;0;"G"
32;44;38;1;0;"G"
32;45;34;1;0;"G"
32;46;36;1;0;"G"
32;47;42;1;0;"G"
32;48;38;1;0;"G"
32;49;42;1;0;"G"
32;50;38;1;0;"G"
32;51;44;1;0;"G"
32;52;36;0;0;"G"
32;53;40;1;0;"G"
32;54;35;1;0;"G"
32;55;36;1;0;"G"
32;56;36;0;0;"G"
32;57;38;0;0;"G"
32;58;30;1;0;"G"
32;59;43;1;0;"G"
32;60;35;0;0;"G"
32;1;41;1;1;"G"
32;2;40;0;1;"G"
32;3;38;1;1;"G"
32;4;38;1;1;"G"
32;5;40;1;1;"G"
32;6;38;0;1;"G"
32;7;40;1;1;"G"
32;8;42;0;1;"G"
32;9;40;0;1;"G"
32;10;42;1;1;"G"
32;11;38;0;1;"G"
32;12;35;0;1;"G"
32;13;37;1;1;"G"
32;14;38;0;1;"G"
32;15;43;1;1;"G"
32;16;41;0;1;"G"
32;17;34;1;1;"G"
32;18;40;1;1;"G"
32;19;40;0;1;"G"
32;20;42;0;1;"G"
32;21;41;1;1;"G"
32;22;43;1;1;"G"
32;23;41;0;1;"G"
32;24;41;0;1;"G"
32;25;39;1;1;"G"
32;26;39;1;1;"G"
32;27;40;1;1;"G"
32;28;38;1;1;"G"
32;29;40;1;1;"G"
32;30;37;1;1;"G"
32;31;38;0;1;"G"
32;32;41;1;1;"G"
32;33;36;1;1;"G"
32;34;61;1;1;"G"
32;35;41;0;1;"G"
32;36;38;0;1;"G"
32;37;37;1;1;"G"
32;38;41;1;1;"G"
32;39;38;0;1;"G"
32;40;41;0;1;"G"
32;41;40;1;1;"G"
32;42;40;1;1;"G"
32;43;43;0;1;"G"
32;44;38;0;1;"G"
32;45;41;0;1;"G"
32;46;32;0;1;"G"
32;47;35;0;1;"G"
32;48;37;0;1;"G"
32;49;38;1;1;"G"
32;50;38;1;1;"G"
32;51;40;0;1;"G"
32;52;41;0;1;"G"
32;53;40;1;1;"G"
32;54;40;0;1;"G"
32;55;37;1;1;"G"
32;56;43;0;1;"G"
32;57;43;1;1;"G"
32;58;38;0;1;"G"
32;59;38;0;1;"G"
32;60;37;1;1;"G"
33;1;45;0;0;"C"
33;2;44;1;0;"C"
33;3;40;1;0;"C"
33;4;42;1;0;"C"
33;5;42;0;0;"C"
33;6;41;1;0;"C"
33;7;40;0;0;"C"
33;8;37;0;0;"C"
33;9;41;0;0;"C"
33;10;41;1;0;"C"
33;11;45;0;0;"C"
33;12;43;1;0;"C"
33;13;48;1;0;"C"
33;14;45;0;0;"C"
33;15;41;0;0;"C"
33;16;46;1;0;"C"
33;17;42;1;0;"C"
33;18;40;1;0;"C"
33;19;43;1;0;"C"
33;20;37;0;0;"C"
33;21;40;1;0;"C"
33;22;42;1;0;"C"
33;23;42;0;0;"C"
33;24;45;0;0;"C"
33;25;42;1;0;"C"
33;26;39;1;0;"C"
33;27;36;0;0;"C"
33;28;39;0;0;"C"
33;29;41;1;0;"C"
33;30;39;1;0;"C"
33;31;44;1;0;"C"
33;32;48;1;0;"C"
33;33;46;1;0;"C"
33;34;47;1;0;"C"
33;35;41;1;0;"C"
33;36;42;0;0;"C"
33;37;45;0;0;"C"
33;38;46;1;0;"C"
33;39;44;1;0;"C"
33;40;44;0;0;"C"
33;41;42;0;0;"C"
33;42;43;0;0;"C"
33;43;45;0;0;"C"
33;44;40;0;0;"C"
33;45;44;0;0;"C"
33;46;45;0;0;"C"
33;47;40;0;0;"C"
33;48;37;1;0;"C"
33;49;43;1;0;"C"
33;50;37;0;0;"C"
33;51;41;1;0;"C"
33;52;45;1;0;"C"
33;53;42;1;0;"C"
33;54;43;0;0;"C"
33;55;40;1;0;"C"
33;56;39;0;0;"C"
33;57;41;1;0;"C"
33;58;46;1;0;"C"
33;59;38;0;0;"C"
33;60;43;1;0;"C"
33;1;44;0;1;"C"
33;2;47;0;1;"C"
33;3;44;0;1;"C"
33;4;40;0;1;"C"
33;5;46;0;1;"C"
33;6;45;0;1;"C"
33;7;45;1;1;"C"
33;8;43;1;1;"C"
33;9;43;0;1;"C"
33;10;36;0;1;"C"
33;11;32;0;1;"C"
33;12;42;1;1;"C"
33;13;44;0;1;"C"
33;14;38;0;1;"C"
33;15;49;0;1;"C"
33;16;37;0;1;"C"
33;17;41;0;1;"C"
33;18;37;0;1;"C"
33;19;38;0;1;"C"
33;20;39;0;1;"C"
33;21;42;0;1;"C"
33;22;41;0;1;"C"
33;23;44;1;1;"C"
33;24;37;0;1;"C"
33;25;40;0;1;"C"
33;26;41;0;1;"C"
33;27;42;0;1;"C"
33;28;40;0;1;"C"
33;29;43;1;1;"C"
33;30;36;1;1;"C"
33;31;43;0;1;"C"
33;32;42;0;1;"C"
33;33;45;1;1;"C"
33;34;43;1;1;"C"
33;35;40;0;1;"C"
33;36;34;0;1;"C"
33;37;47;0;1;"C"
33;38;48;0;1;"C"
33;39;42;0;1;"C"
33;40;42;1;1;"C"
33;41;37;1;1;"C"
33;42;47;0;1;"C"
33;43;44;1;1;"C"
33;44;41;0;1;"C"
33;45;40;0;1;"C"
33;46;44;0;1;"C"
33;47;39;0;1;"C"
33;48;43;0;1;"C"
33;49;41;1;1;"C"
33;50;39;0;1;"C"
33;51;45;0;1;"C"
33;52;46;1;1;"C"
33;53;46;1;1;"C"
33;54;43;1;1;"C"
33;55;41;0;1;"C"
33;56;39;1;1;"C"
33;57;43;1;1;"C"
33;58;37;0;1;"C"
33;59;42;0;1;"C"
33;60;45;0;1;"C"
34;1;47;1;0;"F"
34;2;42;0;0;"F"
34;3;43;1;0;"F"
34;4;39;0;0;"F"
34;5;45;1;0;"F"
34;6;43;1;0;"F"
34;7;42;1;0;"F"
34;8;40;0;0;"F"
34;9;43;0;0;"F"
34;10;43;1;0;"F"
34;11;45;1;0;"F"
34;12;42;1;0;"F"
34;13;46;1;0;"F"
34;14;44;0;0;"F"
34;15;47;1;0;"F"
34;16;45;1;0;"F"
34;17;45;1;0;"F"
34;18;47;1;0;"F"
34;19;42;1;0;"F"
34;20;45;1;0;"F"
34;21;41;1;0;"F"
34;22;38;1;0;"F"
34;23;41;1;0;"F"
34;24;41;0;0;"F"
34;25;37;0;0;"F"
34;26;37;1;0;"F"
34;27;46;1;0;"F"
34;28;41;1;0;"F"
34;29;44;1;0;"F"
34;30;44;1;0;"F"
34;31;38;0;0;"F"
34;32;47;1;0;"F"
34;33;44;0;0;"F"
34;34;42;1;0;"F"
34;35;42;1;0;"F"
34;36;37;1;0;"F"
34;37;48;1;0;"F"
34;38;42;1;0;"F"
34;39;45;1;0;"F"
34;40;49;1;0;"F"
34;41;47;0;0;"F"
34;42;41;1;0;"F"
34;43;45;1;0;"F"
34;44;38;1;0;"F"
34;45;49;1;0;"F"
34;46;46;0;0;"F"
34;47;47;1;0;"F"
34;48;43;1;0;"F"
34;49;43;0;0;"F"
34;50;36;0;0;"F"
34;51;41;0;0;"F"
34;52;42;1;0;"F"
34;53;45;1;0;"F"
34;54;48;1;0;"F"
34;55;46;1;0;"F"
34;56;43;1;0;"F"
34;57;47;1;0;"F"
34;58;46;1;0;"F"
34;59;40;0;0;"F"
34;60;47;1;0;"F"
34;1;42;1;1;"F"
34;2;43;0;1;"F"
34;3;43;1;1;"F"
34;4;44;1;1;"F"
34;5;40;0;1;"F"
34;6;43;0;1;"F"
34;7;44;0;1;"F"
34;8;39;0;1;"F"
34;9;40;0;1;"F"
34;10;38;0;1;"F"
34;11;38;0;1;"F"
34;12;42;1;1;"F"
34;13;37;1;1;"F"
34;14;43;1;1;"F"
34;15;40;0;1;"F"
34;16;38;0;1;"F"
34;17;42;0;1;"F"
34;18;37;0;1;"F"
34;19;40;1;1;"F"
34;20;40;1;1;"F"
34;21;39;1;1;"F"
34;22;45;1;1;"F"
34;23;41;1;1;"F"
34;24;47;1;1;"F"
34;25;47;1;1;"F"
34;26;39;0;1;"F"
34;27;39;0;1;"F"
34;28;40;0;1;"F"
34;29;43;1;1;"F"
34;30;42;1;1;"F"
34;31;39;0;1;"F"
34;32;39;0;1;"F"
34;33;39;0;1;"F"
34;34;36;1;1;"F"
34;35;36;0;1;"F"
34;36;37;0;1;"F"
34;37;42;0;1;"F"
34;38;42;1;1;"F"
34;39;40;1;1;"F"
34;40;38;1;1;"F"
34;41;42;1;1;"F"
34;42;41;0;1;"F"
34;43;40;1;1;"F"
34;44;43;0;1;"F"
34;45;43;0;1;"F"
34;46;41;0;1;"F"
34;47;40;0;1;"F"
34;48;45;0;1;"F"
34;49;39;0;1;"F"
34;50;41;0;1;"F"
34;51;39;0;1;"F"
34;52;36;0;1;"F"
34;53;36;0;1;"F"
34;54;41;0;1;"F"
34;55;41;1;1;"F"
34;56;43;1;1;"F"
34;57;42;1;1;"F"
34;58;45;1;1;"F"
34;59;39;0;1;"F"
34;60;38;0;1;"F"
35;1;42;1;0;"F"
35;2;45;1;0;"F"
35;3;36;0;0;"F"
35;4;45;0;0;"F"
35;5;44;1;0;"F"
35;6;41;1;0;"F"
35;7;40;0;0;"F"
35;8;48;1;0;"F"
35;9;48;1;0;"F"
35;10;42;1;0;"F"
35;11;42;1;0;"F"
35;12;45;1;0;"F"
35;13;39;1;0;"F"
35;14;45;1;0;"F"
35;15;47;0;0;"F"
35;16;46;1;0;"F"
35;17;47;1;0;"F"
35;18;46;0;0;"F"
35;19;37;1;0;"F"
35;20;46;0;0;"F"
35;21;38;1;0;"F"
35;22;43;1;0;"F"
35;23;43;1;0;"F"
35;24;43;1;0;"F"
35;25;45;0;0;"F"
35;26;47;1;0;"F"
35;27;46;1;0;"F"
35;28;46;1;0;"F"
35;29;44;1;0;"F"
35;30;46;1;0;"F"
35;31;48;1;0;"F"
35;32;49;1;0;"F"
35;33;43;1;0;"F"
35;34;43;1;0;"F"
35;35;44;1;0;"F"
35;36;43;0;0;"F"
35;37;44;1;0;"F"
35;38;45;1;0;"F"
35;39;45;1;0;"F"
35;40;41;1;0;"F"
35;41;45;1;0;"F"
35;42;45;1;0;"F"
35;43;46;1;0;"F"
35;44;43;1;0;"F"
35;45;42;1;0;"F"
35;46;44;1;0;"F"
35;47;45;1;0;"F"
35;48;45;0;0;"F"
35;49;35;1;0;"F"
35;50;48;0;0;"F"
35;51;46;1;0;"F"
35;52;46;1;0;"F"
35;53;41;1;0;"F"
35;54;42;0;0;"F"
35;55;45;1;0;"F"
35;56;44;1;0;"F"
35;57;44;1;0;"F"
35;58;47;1;0;"F"
35;59;47;1;0;"F"
35;60;45;1;0;"F"
35;1;40;1;1;"F"
35;2;40;1;1;"F"
35;3;43;0;1;"F"
35;4;38;1;1;"F"
35;5;42;0;1;"F"
35;6;39;0;1;"F"
35;7;40;1;1;"F"
35;8;43;1;1;"F"
35;9;43;1;1;"F"
35;10;42;0;1;"F"
35;11;41;0;1;"F"
35;12;39;1;1;"F"
35;13;46;1;1;"F"
35;14;40;1;1;"F"
35;15;42;0;1;"F"
35;16;46;1;1;"F"
35;17;44;1;1;"F"
35;18;40;1;1;"F"
35;19;46;1;1;"F"
35;20;45;1;1;"F"
35;21;45;1;1;"F"
35;22;42;0;1;"F"
35;23;45;0;1;"F"
35;24;45;1;1;"F"
35;25;44;0;1;"F"
35;26;42;0;1;"F"
35;27;42;0;1;"F"
35;28;46;1;1;"F"
35;29;41;1;1;"F"
35;30;44;0;1;"F"
35;31;42;0;1;"F"
35;32;45;1;1;"F"
35;33;39;1;1;"F"
35;34;44;0;1;"F"
35;35;42;1;1;"F"
35;36;42;0;1;"F"
35;37;47;1;1;"F"
35;38;49;1;1;"F"
35;39;47;0;1;"F"
35;40;44;1;1;"F"
35;41;48;1;1;"F"
35;42;44;0;1;"F"
35;43;41;0;1;"F"
35;44;41;1;1;"F"
35;45;43;1;1;"F"
35;46;43;0;1;"F"
35;47;43;0;1;"F"
35;48;45;1;1;"F"
35;49;43;0;1;"F"
35;50;44;1;1;"F"
35;51;45;1;1;"F"
35;52;45;1;1;"F"
35;53;45;1;1;"F"
35;54;45;0;1;"F"
35;55;50;1;1;"F"
35;56;43;0;1;"F"
35;57;46;0;1;"F"
35;58;40;1;1;"F"
35;59;43;1;1;"F"
35;60;42;1;1;"F"
36;1;48;1;0;"G"
36;2;42;1;0;"G"
36;3;46;1;0;"G"
36;4;40;0;0;"G"
36;5;43;1;0;"G"
36;6;41;1;0;"G"
36;7;42;1;0;"G"
36;8;42;1;0;"G"
36;9;44;1;0;"G"
36;10;44;1;0;"G"
36;11;45;1;0;"G"
36;12;39;1;0;"G"
36;13;42;1;0;"G"
36;14;45;1;0;"G"
36;15;43;1;0;"G"
36;16;43;1;0;"G"
36;17;40;0;0;"G"
36;18;46;1;0;"G"
36;19;47;1;0;"G"
36;20;47;1;0;"G"
36;21;41;0;0;"G"
36;22;44;1;0;"G"
36;23;41;1;0;"G"
36;24;43;1;0;"G"
36;25;44;1;0;"G"
36;26;39;0;0;"G"
36;27;43;1;0;"G"
36;28;46;1;0;"G"
36;29;43;1;0;"G"
36;30;43;1;0;"G"
36;31;44;1;0;"G"
36;32;44;1;0;"G"
36;33;41;0;0;"G"
36;34;44;1;0;"G"
36;35;46;1;0;"G"
36;36;45;1;0;"G"
36;37;41;1;0;"G"
36;38;43;0;0;"G"
36;39;46;1;0;"G"
36;40;44;0;0;"G"
36;41;37;1;0;"G"
36;42;41;1;0;"G"
36;43;45;1;0;"G"
36;44;43;1;0;"G"
36;45;40;1;0;"G"
36;46;45;1;0;"G"
36;47;43;1;0;"G"
36;48;45;1;0;"G"
36;49;45;1;0;"G"
36;50;44;1;0;"G"
36;51;44;1;0;"G"
36;52;45;1;0;"G"
36;53;46;1;0;"G"
36;54;41;1;0;"G"
36;55;43;1;0;"G"
36;56;43;1;0;"G"
36;57;41;1;0;"G"
36;58;42;1;0;"G"
36;59;43;1;0;"G"
36;60;47;1;0;"G"
36;1;39;1;1;"G"
36;2;43;1;1;"G"
36;3;41;0;1;"G"
36;4;40;1;1;"G"
36;5;40;1;1;"G"
36;6;45;1;1;"G"
36;7;44;1;1;"G"
36;8;44;1;1;"G"
36;9;39;1;1;"G"
36;10;41;1;1;"G"
36;11;41;0;1;"G"
36;12;41;1;1;"G"
36;13;40;1;1;"G"
36;14;40;1;1;"G"
36;15;40;0;1;"G"
36;16;40;1;1;"G"
36;17;44;1;1;"G"
36;18;45;1;1;"G"
36;19;45;1;1;"G"
36;20;42;1;1;"G"
36;21;43;0;1;"G"
36;22;43;1;1;"G"
36;23;43;1;1;"G"
36;24;38;1;1;"G"
36;25;38;1;1;"G"
36;26;42;1;1;"G"
36;27;41;1;1;"G"
36;28;41;1;1;"G"
36;29;41;1;1;"G"
36;30;44;1;1;"G"
36;31;43;1;1;"G"
36;32;44;0;1;"G"
36;33;45;1;1;"G"
36;34;43;1;1;"G"
36;35;40;0;1;"G"
36;36;41;1;1;"G"
36;37;41;1;1;"G"
36;38;38;0;1;"G"
36;39;37;0;1;"G"
36;40;42;0;1;"G"
36;41;44;1;1;"G"
36;42;43;1;1;"G"
36;43;43;1;1;"G"
36;44;43;1;1;"G"
36;45;38;0;1;"G"
36;46;40;0;1;"G"
36;47;43;0;1;"G"
36;48;40;1;1;"G"
36;49;42;0;1;"G"
36;50;48;1;1;"G"
36;51;47;0;1;"G"
36;52;43;0;1;"G"
36;53;43;1;1;"G"
36;54;42;1;1;"G"
36;55;45;1;1;"G"
36;56;42;1;1;"G"
36;57;43;1;1;"G"
36;58;39;1;1;"G"
36;59;39;0;1;"G"
36;60;43;1;1;"G"
37;1;40;1;0;"G"
37;2;41;1;0;"G"
37;3;38;1;0;"G"
37;4;39;0;0;"G"
37;5;44;1;0;"G"
37;6;42;1;0;"G"
37;7;43;1;0;"G"
37;8;43;1;0;"G"
37;9;43;1;0;"G"
37;10;42;1;0;"G"
37;11;47;1;0;"G"
37;12;47;1;0;"G"
37;13;41;1;0;"G"
37;14;39;1;0;"G"
37;15;39;1;0;"G"
37;16;33;1;0;"G"
37;17;43;1;0;"G"
37;18;44;1;0;"G"
37;19;46;1;0;"G"
37;20;41;1;0;"G"
37;21;48;1;0;"G"
37;22;38;1;0;"G"
37;23;36;1;0;"G"
37;24;38;0;0;"G"
37;25;31;1;0;"G"
37;26;40;1;0;"G"
37;27;42;1;0;"G"
37;28;39;1;0;"G"
37;29;41;1;0;"G"
37;30;41;1;0;"G"
37;31;38;1;0;"G"
37;32;44;1;0;"G"
37;33;32;1;0;"G"
37;34;39;1;0;"G"
37;35;41;1;0;"G"
37;36;44;1;0;"G"
37;37;38;1;0;"G"
37;38;44;1;0;"G"
37;39;41;1;0;"G"
37;40;41;1;0;"G"
37;41;37;1;0;"G"
37;42;45;1;0;"G"
37;43;34;1;0;"G"
37;44;40;1;0;"G"
37;45;40;1;0;"G"
37;46;35;0;0;"G"
37;47;36;1;0;"G"
37;48;36;1;0;"G"
37;49;44;1;0;"G"
37;50;47;1;0;"G"
37;51;43;0;0;"G"
37;52;36;1;0;"G"
37;53;38;1;0;"G"
37;54;36;1;0;"G"
37;55;39;1;0;"G"
37;56;37;1;0;"G"
37;57;37;1;0;"G"
37;58;41;1;0;"G"
37;59;45;1;0;"G"
37;60;41;1;0;"G"
37;1;37;1;1;"G"
37;2;38;1;1;"G"
37;3;34;0;1;"G"
37;4;43;1;1;"G"
37;5;43;0;1;"G"
37;6;39;0;1;"G"
37;7;44;1;1;"G"
37;8;44;0;1;"G"
37;9;32;0;1;"G"
37;10;42;0;1;"G"
37;11;35;0;1;"G"
37;12;35;1;1;"G"
37;13;36;0;1;"G"
37;14;42;1;1;"G"
37;15;37;0;1;"G"
37;16;37;0;1;"G"
37;17;35;1;1;"G"
37;18;37;1;1;"G"
37;19;41;1;1;"G"
37;20;41;1;1;"G"
37;21;42;1;1;"G"
37;22;38;0;1;"G"
37;23;34;0;1;"G"
37;24;38;1;1;"G"
37;25;36;1;1;"G"
37;26;35;0;1;"G"
37;27;38;1;1;"G"
37;28;37;0;1;"G"
37;29;37;1;1;"G"
37;30;44;1;1;"G"
37;31;38;1;1;"G"
37;32;40;1;1;"G"
37;33;41;1;1;"G"
37;34;61;1;1;"G"
37;35;46;1;1;"G"
37;36;44;1;1;"G"
37;37;39;0;1;"G"
37;38;43;1;1;"G"
37;39;42;0;1;"G"
37;40;45;1;1;"G"
37;41;40;0;1;"G"
37;42;40;1;1;"G"
37;43;32;0;1;"G"
37;44;42;1;1;"G"
37;45;36;1;1;"G"
37;46;36;1;1;"G"
37;47;49;0;1;"G"
37;48;45;0;1;"G"
37;49;45;0;1;"G"
37;50;43;1;1;"G"
37;51;39;0;1;"G"
37;52;41;1;1;"G"
37;53;38;0;1;"G"
37;54;42;1;1;"G"
37;55;37;1;1;"G"
37;56;41;1;1;"G"
37;57;39;1;1;"G"
37;58;39;1;1;"G"
37;59;37;0;1;"G"
37;60;39;0;1;"G"
38;1;46;1;0;"G"
38;2;43;1;0;"G"
38;3;46;1;0;"G"
38;4;44;1;0;"G"
38;5;42;1;0;"G"
38;6;38;1;0;"G"
38;7;41;1;0;"G"
38;8;44;1;0;"G"
38;9;42;1;0;"G"
38;10;44;1;0;"G"
38;11;46;1;0;"G"
38;12;46;1;0;"G"
38;13;48;1;0;"G"
38;14;44;1;0;"G"
38;15;43;0;0;"G"
38;16;41;1;0;"G"
38;17;44;1;0;"G"
38;18;42;1;0;"G"
38;19;38;0;0;"G"
38;20;48;1;0;"G"
38;21;44;1;0;"G"
38;22;41;0;0;"G"
38;23;41;0;0;"G"
38;24;42;0;0;"G"
38;25;44;1;0;"G"
38;26;44;1;0;"G"
38;27;38;1;0;"G"
38;28;42;1;0;"G"
38;29;39;0;0;"G"
38;30;45;1;0;"G"
38;31;41;1;0;"G"
38;32;44;1;0;"G"
38;33;40;1;0;"G"
38;34;46;1;0;"G"
38;35;45;1;0;"G"
38;36;40;0;0;"G"
38;37;47;1;0;"G"
38;38;43;0;0;"G"
38;39;46;1;0;"G"
38;40;43;1;0;"G"
38;41;41;0;0;"G"
38;42;42;1;0;"G"
38;43;47;1;0;"G"
38;44;44;1;0;"G"
38;45;45;1;0;"G"
38;46;46;1;0;"G"
38;47;46;1;0;"G"
38;48;42;1;0;"G"
38;49;38;1;0;"G"
38;50;45;1;0;"G"
38;51;41;1;0;"G"
38;52;35;0;0;"G"
38;53;46;1;0;"G"
38;54;45;1;0;"G"
38;55;39;1;0;"G"
38;56;45;1;0;"G"
38;57;44;1;0;"G"
38;58;44;1;0;"G"
38;59;44;1;0;"G"
38;60;48;1;0;"G"
38;1;46;1;1;"G"
38;2;44;1;1;"G"
38;3;41;1;1;"G"
38;4;44;1;1;"G"
38;5;46;0;1;"G"
38;6;45;0;1;"G"
38;7;43;1;1;"G"
38;8;41;0;1;"G"
38;9;42;0;1;"G"
38;10;41;1;1;"G"
38;11;47;1;1;"G"
38;12;47;0;1;"G"
38;13;44;0;1;"G"
38;14;48;1;1;"G"
38;15;43;1;1;"G"
38;16;44;0;1;"G"
38;17;41;1;1;"G"
38;18;45;1;1;"G"
38;19;41;1;1;"G"
38;20;46;1;1;"G"
38;21;44;0;1;"G"
38;22;46;1;1;"G"
38;23;41;1;1;"G"
38;24;41;1;1;"G"
38;25;43;1;1;"G"
38;26;41;0;1;"G"
38;27;38;0;1;"G"
38;28;42;0;1;"G"
38;29;44;1;1;"G"
38;30;46;0;1;"G"
38;31;50;1;1;"G"
38;32;44;0;1;"G"
38;33;39;0;1;"G"
38;34;45;0;1;"G"
38;35;46;1;1;"G"
38;36;44;0;1;"G"
38;37;45;0;1;"G"
38;38;43;1;1;"G"
38;39;48;1;1;"G"
38;40;42;0;1;"G"
38;41;48;1;1;"G"
38;42;47;1;1;"G"
38;43;47;1;1;"G"
38;44;45;1;1;"G"
38;45;43;1;1;"G"
38;46;44;0;1;"G"
38;47;47;0;1;"G"
38;48;44;1;1;"G"
38;49;44;1;1;"G"
38;50;49;0;1;"G"
38;51;47;1;1;"G"
38;52;43;0;1;"G"
38;53;44;0;1;"G"
38;54;41;0;1;"G"
38;55;44;1;1;"G"
38;56;39;0;1;"G"
38;57;41;1;1;"G"
38;58;41;1;1;"G"
38;59;43;0;1;"G"
38;60;46;0;1;"G"
39;1;37;0;0;"G"
39;2;40;1;0;"G"
39;3;37;1;0;"G"
39;4;40;1;0;"G"
39;5;32;0;0;"G"
39;6;37;1;0;"G"
39;7;37;1;0;"G"
39;8;39;1;0;"G"
39;9;35;1;0;"G"
39;10;37;1;0;"G"
39;11;35;0;0;"G"
39;12;35;1;0;"G"
39;13;40;0;0;"G"
39;14;39;1;0;"G"
39;15;32;0;0;"G"
39;16;35;0;0;"G"
39;17;38;1;0;"G"
39;18;39;1;0;"G"
39;19;38;1;0;"G"
39;20;40;1;0;"G"
39;21;29;1;0;"G"
39;22;37;0;0;"G"
39;23;34;0;0;"G"
39;24;34;1;0;"G"
39;25;40;1;0;"G"
39;26;36;0;0;"G"
39;27;40;1;0;"G"
39;28;30;0;0;"G"
39;29;32;1;0;"G"
39;30;32;1;0;"G"
39;31;38;1;0;"G"
39;32;43;1;0;"G"
39;33;38;1;0;"G"
39;34;38;1;0;"G"
39;35;32;1;0;"G"
39;36;36;1;0;"G"
39;37;30;1;0;"G"
39;38;36;1;0;"G"
39;39;36;0;0;"G"
39;40;38;0;0;"G"
39;41;37;1;0;"G"
39;42;37;1;0;"G"
39;43;37;1;0;"G"
39;44;35;1;0;"G"
39;45;33;1;0;"G"
39;46;34;1;0;"G"
39;47;36;1;0;"G"
39;48;32;1;0;"G"
39;49;38;1;0;"G"
39;50;33;0;0;"G"
39;51;38;0;0;"G"
39;52;37;1;0;"G"
39;53;42;1;0;"G"
39;54;42;1;0;"G"
39;55;35;0;0;"G"
39;56;38;1;0;"G"
39;57;38;1;0;"G"
39;58;35;1;0;"G"
39;59;30;0;0;"G"
39;60;39;1;0;"G"
39;1;37;1;1;"G"
39;2;37;1;1;"G"
39;3;37;0;1;"G"
39;4;36;0;1;"G"
39;5;41;0;1;"G"
39;6;32;0;1;"G"
39;7;43;0;1;"G"
39;8;42;1;1;"G"
39;9;37;0;1;"G"
39;10;42;0;1;"G"
39;11;46;1;1;"G"
39;12;40;0;1;"G"
39;13;38;1;1;"G"
39;14;39;0;1;"G"
39;15;39;1;1;"G"
39;16;41;1;1;"G"
39;17;41;1;1;"G"
39;18;41;1;1;"G"
39;19;40;0;1;"G"
39;20;44;1;1;"G"
39;21;43;1;1;"G"
39;22;38;0;1;"G"
39;23;41;0;1;"G"
39;24;34;0;1;"G"
39;25;34;1;1;"G"
39;26;42;0;1;"G"
39;27;40;1;1;"G"
39;28;38;0;1;"G"
39;29;39;1;1;"G"
39;30;33;1;1;"G"
39;31;37;1;1;"G"
39;32;41;1;1;"G"
39;33;40;1;1;"G"
39;34;41;1;1;"G"
39;35;39;0;1;"G"
39;36;41;1;1;"G"
39;37;42;0;1;"G"
39;38;40;0;1;"G"
39;39;36;1;1;"G"
39;40;39;0;1;"G"
39;41;39;1;1;"G"
39;42;39;0;1;"G"
39;43;39;0;1;"G"
39;44;36;0;1;"G"
39;45;37;0;1;"G"
39;46;39;0;1;"G"
39;47;43;1;1;"G"
39;48;39;1;1;"G"
39;49;36;0;1;"G"
39;50;34;0;1;"G"
39;51;34;0;1;"G"
39;52;32;0;1;"G"
39;53;37;1;1;"G"
39;54;43;0;1;"G"
39;55;39;0;1;"G"
39;56;38;0;1;"G"
39;57;39;1;1;"G"
39;58;38;1;1;"G"
39;59;40;1;1;"G"
39;60;38;1;1;"G"
40;1;42;0;0;"F"
40;2;41;1;0;"F"
40;3;43;1;0;"F"
40;4;44;0;0;"F"
40;5;51;1;0;"F"
40;6;46;0;0;"F"
40;7;43;1;0;"F"
40;8;42;1;0;"F"
40;9;44;1;0;"F"
40;10;45;0;0;"F"
40;11;46;1;0;"F"
40;12;49;1;0;"F"
40;13;44;1;0;"F"
40;14;53;1;0;"F"
40;15;47;1;0;"F"
40;16;49;1;0;"F"
40;17;43;0;0;"F"
40;18;47;1;0;"F"
40;19;49;1;0;"F"
40;20;49;1;0;"F"
40;21;48;1;0;"F"
40;22;46;0;0;"F"
40;23;44;1;0;"F"
40;24;50;0;0;"F"
40;25;47;1;0;"F"
40;26;47;1;0;"F"
40;27;50;1;0;"F"
40;28;43;0;0;"F"
40;29;42;1;0;"F"
40;30;42;1;0;"F"
40;31;42;1;0;"F"
40;32;43;0;0;"F"
40;33;44;1;0;"F"
40;34;47;0;0;"F"
40;35;51;1;0;"F"
40;36;48;0;0;"F"
40;37;41;1;0;"F"
40;38;47;1;0;"F"
40;39;48;1;0;"F"
40;40;50;1;0;"F"
40;41;44;0;0;"F"
40;42;47;1;0;"F"
40;43;46;1;0;"F"
40;44;42;1;0;"F"
40;45;44;1;0;"F"
40;46;49;1;0;"F"
40;47;49;1;0;"F"
40;48;45;0;0;"F"
40;49;44;1;0;"F"
40;50;43;1;0;"F"
40;51;48;1;0;"F"
40;52;47;1;0;"F"
40;53;45;1;0;"F"
40;54;48;1;0;"F"
40;55;45;1;0;"F"
40;56;42;1;0;"F"
40;57;50;0;0;"F"
40;58;51;1;0;"F"
40;59;48;0;0;"F"
40;60;47;0;0;"F"
40;1;46;1;1;"F"
40;2;48;0;1;"F"
40;3;45;0;1;"F"
40;4;43;0;1;"F"
40;5;44;1;1;"F"
40;6;46;1;1;"F"
40;7;48;0;1;"F"
40;8;42;0;1;"F"
40;9;48;1;1;"F"
40;10;45;1;1;"F"
40;11;45;0;1;"F"
40;12;47;1;1;"F"
40;13;47;1;1;"F"
40;14;43;0;1;"F"
40;15;48;1;1;"F"
40;16;43;1;1;"F"
40;17;46;0;1;"F"
40;18;46;0;1;"F"
40;19;52;1;1;"F"
40;20;46;0;1;"F"
40;21;43;0;1;"F"
40;22;46;1;1;"F"
40;23;44;0;1;"F"
40;24;47;1;1;"F"
40;25;51;1;1;"F"
40;26;49;0;1;"F"
40;27;46;0;1;"F"
40;28;45;0;1;"F"
40;29;47;1;1;"F"
40;30;53;1;1;"F"
40;31;46;1;1;"F"
40;32;43;1;1;"F"
40;33;45;1;1;"F"
40;34;45;1;1;"F"
40;35;45;0;1;"F"
40;36;44;0;1;"F"
40;37;47;0;1;"F"
40;38;41;0;1;"F"
40;39;43;0;1;"F"
40;40;43;1;1;"F"
40;41;45;1;1;"F"
40;42;46;1;1;"F"
40;43;50;0;1;"F"
40;44;46;1;1;"F"
40;45;43;0;1;"F"
40;46;47;0;1;"F"
40;47;46;0;1;"F"
40;48;46;1;1;"F"
40;49;49;0;1;"F"
40;50;46;0;1;"F"
40;51;47;1;1;"F"
40;52;49;1;1;"F"
40;53;45;0;1;"F"
40;54;46;1;1;"F"
40;55;46;1;1;"F"
40;56;47;0;1;"F"
40;57;49;1;1;"F"
40;58;51;0;1;"F"
40;59;46;1;1;"F"
40;60;50;1;1;"F"
41;1;40;1;0;"F"
41;2;41;1;0;"F"
41;3;44;1;0;"F"
41;4;39;1;0;"F"
41;5;37;1;0;"F"
41;6;39;1;0;"F"
41;7;39;1;0;"F"
41;8;36;0;0;"F"
41;9;42;1;0;"F"
41;10;40;1;0;"F"
41;11;40;1;0;"F"
41;12;41;1;0;"F"
41;13;41;1;0;"F"
41;14;42;1;0;"F"
41;15;38;1;0;"F"
41;16;38;1;0;"F"
41;17;37;1;0;"F"
41;18;42;1;0;"F"
41;19;37;1;0;"F"
41;20;37;1;0;"F"
41;21;35;0;0;"F"
41;22;42;1;0;"F"
41;23;40;1;0;"F"
41;24;40;0;0;"F"
41;25;41;1;0;"F"
41;26;37;1;0;"F"
41;27;40;1;0;"F"
41;28;40;1;0;"F"
41;29;35;0;0;"F"
41;30;38;1;0;"F"
41;31;38;1;0;"F"
41;32;33;0;0;"F"
41;33;40;0;0;"F"
41;34;42;1;0;"F"
41;35;39;0;0;"F"
41;36;41;1;0;"F"
41;37;40;1;0;"F"
41;38;37;0;0;"F"
41;39;42;1;0;"F"
41;40;39;1;0;"F"
41;41;40;1;0;"F"
41;42;38;1;0;"F"
41;43;35;0;0;"F"
41;44;42;1;0;"F"
41;45;39;1;0;"F"
41;46;39;1;0;"F"
41;47;36;1;0;"F"
41;48;39;1;0;"F"
41;49;35;0;0;"F"
41;50;43;1;0;"F"
41;51;39;1;0;"F"
41;52;40;1;0;"F"
41;53;34;0;0;"F"
41;54;42;1;0;"F"
41;55;39;0;0;"F"
41;56;39;1;0;"F"
41;57;35;0;0;"F"
41;58;32;1;0;"F"
41;59;38;1;0;"F"
41;60;39;1;0;"F"
41;1;34;0;1;"F"
41;2;37;0;1;"F"
41;3;39;0;1;"F"
41;4;39;1;1;"F"
41;5;40;1;1;"F"
41;6;39;1;1;"F"
41;7;35;1;1;"F"
41;8;41;1;1;"F"
41;9;33;0;1;"F"
41;10;38;0;1;"F"
41;11;46;1;1;"F"
41;12;39;1;1;"F"
41;13;39;1;1;"F"
41;14;41;1;1;"F"
41;15;37;1;1;"F"
41;16;39;0;1;"F"
41;17;38;1;1;"F"
41;18;38;0;1;"F"
41;19;38;0;1;"F"
41;20;41;1;1;"F"
41;21;37;0;1;"F"
41;22;36;0;1;"F"
41;23;36;0;1;"F"
41;24;36;1;1;"F"
41;25;41;1;1;"F"
41;26;39;1;1;"F"
41;27;37;0;1;"F"
41;28;40;1;1;"F"
41;29;42;1;1;"F"
41;30;40;1;1;"F"
41;31;39;1;1;"F"
41;32;36;0;1;"F"
41;33;39;1;1;"F"
41;34;40;0;1;"F"
41;35;38;0;1;"F"
41;36;38;1;1;"F"
41;37;40;1;1;"F"
41;38;38;0;1;"F"
41;39;38;1;1;"F"
41;40;39;1;1;"F"
41;41;41;1;1;"F"
41;42;39;1;1;"F"
41;43;35;0;1;"F"
41;44;37;0;1;"F"
41;45;35;1;1;"F"
41;46;38;0;1;"F"
41;47;37;0;1;"F"
41;48;37;1;1;"F"
41;49;42;1;1;"F"
41;50;41;1;1;"F"
41;51;36;0;1;"F"
41;52;38;0;1;"F"
41;53;43;1;1;"F"
41;54;37;1;1;"F"
41;55;38;1;1;"F"
41;56;38;0;1;"F"
41;57;36;0;1;"F"
41;58;36;1;1;"F"
41;59;36;1;1;"F"
41;60;36;0;1;"F"
42;1;37;1;0;"C"
42;2;41;0;0;"C"
42;3;33;0;0;"C"
42;4;37;1;0;"C"
42;5;42;0;0;"C"
42;6;42;1;0;"C"
42;7;41;0;0;"C"
42;8;40;0;0;"C"
42;9;42;1;0;"C"
42;10;39;1;0;"C"
42;11;43;1;0;"C"
42;12;42;1;0;"C"
42;13;41;0;0;"C"
42;14;37;1;0;"C"
42;15;40;1;0;"C"
42;16;39;1;0;"C"
42;17;39;1;0;"C"
42;18;41;1;0;"C"
42;19;44;1;0;"C"
42;20;41;1;0;"C"
42;21;38;1;0;"C"
42;22;41;1;0;"C"
42;23;37;1;0;"C"
42;24;40;1;0;"C"
42;25;42;1;0;"C"
42;26;42;1;0;"C"
42;27;42;1;0;"C"
42;28;36;1;0;"C"
42;29;38;0;0;"C"
42;30;36;1;0;"C"
42;31;39;1;0;"C"
42;32;33;1;0;"C"
42;33;35;1;0;"C"
42;34;36;1;0;"C"
42;35;36;0;0;"C"
42;36;40;0;0;"C"
42;37;38;0;0;"C"
42;38;40;1;0;"C"
42;39;41;1;0;"C"
42;40;33;1;0;"C"
42;41;41;1;0;"C"
42;42;41;1;0;"C"
42;43;41;1;0;"C"
42;44;35;0;0;"C"
42;45;37;1;0;"C"
42;46;41;1;0;"C"
42;47;37;0;0;"C"
42;48;43;1;0;"C"
42;49;34;1;0;"C"
42;50;36;0;0;"C"
42;51;44;1;0;"C"
42;52;39;0;0;"C"
42;53;41;1;0;"C"
42;54;42;1;0;"C"
42;55;46;1;0;"C"
42;56;37;0;0;"C"
42;57;45;1;0;"C"
42;58;43;1;0;"C"
42;59;44;1;0;"C"
42;60;39;1;0;"C"
42;1;36;0;1;"C"
42;2;37;0;1;"C"
42;3;36;0;1;"C"
42;4;36;0;1;"C"
42;5;38;0;1;"C"
42;6;36;1;1;"C"
42;7;38;1;1;"C"
42;8;38;1;1;"C"
42;9;38;1;1;"C"
42;10;41;1;1;"C"
42;11;38;1;1;"C"
42;12;38;1;1;"C"
42;13;31;1;1;"C"
42;14;40;0;1;"C"
42;15;41;1;1;"C"
42;16;38;0;1;"C"
42;17;33;0;1;"C"
42;18;34;1;1;"C"
42;19;39;0;1;"C"
42;20;38;0;1;"C"
42;21;39;1;1;"C"
42;22;43;1;1;"C"
42;23;38;0;1;"C"
42;24;40;0;1;"C"
42;25;41;1;1;"C"
42;26;40;1;1;"C"
42;27;42;1;1;"C"
42;28;41;0;1;"C"
42;29;38;1;1;"C"
42;30;39;0;1;"C"
42;31;43;1;1;"C"
42;32;38;0;1;"C"
42;33;38;0;1;"C"
42;34;39;1;1;"C"
42;35;39;0;1;"C"
42;36;41;1;1;"C"
42;37;39;0;1;"C"
42;38;39;1;1;"C"
42;39;39;1;1;"C"
42;40;38;0;1;"C"
42;41;40;1;1;"C"
42;42;34;1;1;"C"
42;43;39;1;1;"C"
42;44;35;0;1;"C"
42;45;35;1;1;"C"
42;46;41;1;1;"C"
42;47;34;0;1;"C"
42;48;40;1;1;"C"
42;49;40;1;1;"C"
42;50;39;0;1;"C"
42;51;40;0;1;"C"
42;52;40;0;1;"C"
42;53;33;0;1;"C"
42;54;34;0;1;"C"
42;55;34;1;1;"C"
42;56;39;1;1;"C"
42;57;39;1;1;"C"
42;58;35;0;1;"C"
42;59;38;1;1;"C"
42;60;41;1;1;"C"
43;1;40;1;0;"F"
43;2;42;1;0;"F"
43;3;44;1;0;"F"
43;4;48;1;0;"F"
43;5;48;1;0;"F"
43;6;41;1;0;"F"
43;7;43;1;0;"F"
43;8;38;1;0;"F"
43;9;48;1;0;"F"
43;10;44;1;0;"F"
43;11;46;1;0;"F"
43;12;46;1;0;"F"
43;13;44;0;0;"F"
43;14;45;1;0;"F"
43;15;45;1;0;"F"
43;16;44;1;0;"F"
43;17;45;1;0;"F"
43;18;48;1;0;"F"
43;19;49;1;0;"F"
43;20;44;1;0;"F"
43;21;44;0;0;"F"
43;22;49;1;0;"F"
43;23;43;1;0;"F"
43;24;45;1;0;"F"
43;25;43;1;0;"F"
43;26;44;1;0;"F"
43;27;42;0;0;"F"
43;28;46;1;0;"F"
43;29;46;1;0;"F"
43;30;46;1;0;"F"
43;31;42;1;0;"F"
43;32;46;1;0;"F"
43;33;49;1;0;"F"
43;34;47;1;0;"F"
43;35;45;1;0;"F"
43;36;43;1;0;"F"
43;37;43;1;0;"F"
43;38;49;1;0;"F"
43;39;46;1;0;"F"
43;40;43;1;0;"F"
43;41;48;1;0;"F"
43;42;43;0;0;"F"
43;43;48;1;0;"F"
43;44;46;1;0;"F"
43;45;46;0;0;"F"
43;46;43;0;0;"F"
43;47;42;1;0;"F"
43;48;47;1;0;"F"
43;49;46;1;0;"F"
43;50;47;1;0;"F"
43;51;46;1;0;"F"
43;52;47;0;0;"F"
43;53;41;0;0;"F"
43;54;41;1;0;"F"
43;55;46;1;0;"F"
43;56;49;0;0;"F"
43;57;44;1;0;"F"
43;58;46;1;0;"F"
43;59;47;1;0;"F"
43;60;44;1;0;"F"
43;1;40;1;1;"F"
43;2;42;1;1;"F"
43;3;46;1;1;"F"
43;4;45;1;1;"F"
43;5;41;0;1;"F"
43;6;45;1;1;"F"
43;7;40;0;1;"F"
43;8;37;1;1;"F"
43;9;44;1;1;"F"
43;10;44;1;1;"F"
43;11;42;1;1;"F"
43;12;40;1;1;"F"
43;13;40;0;1;"F"
43;14;41;0;1;"F"
43;15;44;1;1;"F"
43;16;44;1;1;"F"
43;17;43;1;1;"F"
43;18;41;1;1;"F"
43;19;43;0;1;"F"
43;20;40;0;1;"F"
43;21;42;1;1;"F"
43;22;42;1;1;"F"
43;23;46;1;1;"F"
43;24;45;1;1;"F"
43;25;44;1;1;"F"
43;26;42;1;1;"F"
43;27;45;1;1;"F"
43;28;45;1;1;"F"
43;29;42;1;1;"F"
43;30;47;1;1;"F"
43;31;44;1;1;"F"
43;32;45;1;1;"F"
43;33;45;0;1;"F"
43;34;46;0;1;"F"
43;35;43;0;1;"F"
43;36;42;1;1;"F"
43;37;43;1;1;"F"
43;38;40;1;1;"F"
43;39;39;1;1;"F"
43;40;45;1;1;"F"
43;41;46;1;1;"F"
43;42;46;1;1;"F"
43;43;45;1;1;"F"
43;44;47;1;1;"F"
43;45;46;1;1;"F"
43;46;43;1;1;"F"
43;47;43;1;1;"F"
43;48;38;0;1;"F"
43;49;42;1;1;"F"
43;50;46;1;1;"F"
43;51;39;0;1;"F"
43;52;47;1;1;"F"
43;53;43;1;1;"F"
43;54;46;1;1;"F"
43;55;44;0;1;"F"
43;56;44;1;1;"F"
43;57;44;0;1;"F"
43;58;42;1;1;"F"
43;59;43;0;1;"F"
43;60;48;0;1;"F"
44;1;45;1;0;"G"
44;2;43;1;0;"G"
44;3;43;1;0;"G"
44;4;43;1;0;"G"
44;5;40;1;0;"G"
44;6;39;1;0;"G"
44;7;43;1;0;"G"
44;8;43;1;0;"G"
44;9;42;0;0;"G"
44;10;43;1;0;"G"
44;11;41;1;0;"G"
44;12;43;1;0;"G"
44;13;41;1;0;"G"
44;14;44;1;0;"G"
44;15;43;1;0;"G"
44;16;44;1;0;"G"
44;17;44;1;0;"G"
44;18;45;1;0;"G"
44;19;42;1;0;"G"
44;20;44;1;0;"G"
44;21;46;1;0;"G"
44;22;44;1;0;"G"
44;23;45;0;0;"G"
44;24;41;1;0;"G"
44;25;41;1;0;"G"
44;26;43;0;0;"G"
44;27;44;1;0;"G"
44;28;47;1;0;"G"
44;29;46;1;0;"G"
44;30;39;1;0;"G"
44;31;44;1;0;"G"
44;32;46;1;0;"G"
44;33;43;1;0;"G"
44;34;42;1;0;"G"
44;35;46;1;0;"G"
44;36;43;1;0;"G"
44;37;43;1;0;"G"
44;38;44;1;0;"G"
44;39;43;1;0;"G"
44;40;36;1;0;"G"
44;41;46;1;0;"G"
44;42;46;1;0;"G"
44;43;44;1;0;"G"
44;44;44;1;0;"G"
44;45;41;1;0;"G"
44;46;43;1;0;"G"
44;47;43;1;0;"G"
44;48;40;0;0;"G"
44;49;42;1;0;"G"
44;50;41;1;0;"G"
44;51;40;0;0;"G"
44;52;46;1;0;"G"
44;53;45;1;0;"G"
44;54;41;1;0;"G"
44;55;43;1;0;"G"
44;56;41;1;0;"G"
44;57;43;1;0;"G"
44;58;41;1;0;"G"
44;59;43;1;0;"G"
44;60;40;0;0;"G"
44;1;42;1;1;"G"
44;2;41;1;1;"G"
44;3;41;1;1;"G"
44;4;42;0;1;"G"
44;5;39;1;1;"G"
44;6;45;0;1;"G"
44;7;46;1;1;"G"
44;8;46;1;1;"G"
44;9;42;1;1;"G"
44;10;45;1;1;"G"
44;11;45;1;1;"G"
44;12;45;1;1;"G"
44;13;44;0;1;"G"
44;14;46;1;1;"G"
44;15;41;1;1;"G"
44;16;45;0;1;"G"
44;17;42;1;1;"G"
44;18;43;1;1;"G"
44;19;43;1;1;"G"
44;20;39;1;1;"G"
44;21;44;0;1;"G"
44;22;48;1;1;"G"
44;23;44;1;1;"G"
44;24;42;1;1;"G"
44;25;47;1;1;"G"
44;26;44;1;1;"G"
44;27;43;1;1;"G"
44;28;47;1;1;"G"
44;29;43;0;1;"G"
44;30;39;1;1;"G"
44;31;39;1;1;"G"
44;32;47;1;1;"G"
44;33;47;1;1;"G"
44;34;45;1;1;"G"
44;35;44;1;1;"G"
44;36;41;1;1;"G"
44;37;43;0;1;"G"
44;38;43;0;1;"G"
44;39;42;1;1;"G"
44;40;35;1;1;"G"
44;41;45;1;1;"G"
44;42;42;0;1;"G"
44;43;46;1;1;"G"
44;44;42;1;1;"G"
44;45;41;0;1;"G"
44;46;41;1;1;"G"
44;47;42;1;1;"G"
44;48;43;0;1;"G"
44;49;39;1;1;"G"
44;50;45;1;1;"G"
44;51;42;1;1;"G"
44;52;43;0;1;"G"
44;53;43;0;1;"G"
44;54;42;0;1;"G"
44;55;44;1;1;"G"
44;56;44;1;1;"G"
44;57;47;1;1;"G"
44;58;48;1;1;"G"
44;59;43;0;1;"G"
44;60;40;1;1;"G"
45;1;34;0;0;"C"
45;2;32;0;0;"C"
45;3;40;0;0;"C"
45;4;41;0;0;"C"
45;5;36;1;0;"C"
45;6;42;1;0;"C"
45;7;43;1;0;"C"
45;8;36;1;0;"C"
45;9;43;1;0;"C"
45;10;42;1;0;"C"
45;11;37;1;0;"C"
45;12;40;1;0;"C"
45;13;42;1;0;"C"
45;14;42;1;0;"C"
45;15;40;1;0;"C"
45;16;38;1;0;"C"
45;17;37;1;0;"C"
45;18;40;1;0;"C"
45;19;41;1;0;"C"
45;20;35;1;0;"C"
45;21;39;1;0;"C"
45;22;42;1;0;"C"
45;23;47;1;0;"C"
45;24;47;1;0;"C"
45;25;42;0;0;"C"
45;26;38;0;0;"C"
45;27;43;1;0;"C"
45;28;39;1;0;"C"
45;29;37;0;0;"C"
45;30;40;1;0;"C"
45;31;37;1;0;"C"
45;32;45;1;0;"C"
45;33;40;1;0;"C"
45;34;42;1;0;"C"
45;35;42;1;0;"C"
45;36;37;0;0;"C"
45;37;42;0;0;"C"
45;38;41;1;0;"C"
45;39;39;0;0;"C"
45;40;30;0;0;"C"
45;41;39;0;0;"C"
45;42;40;1;0;"C"
45;43;39;0;0;"C"
45;44;34;1;0;"C"
45;45;39;1;0;"C"
45;46;38;1;0;"C"
45;47;37;1;0;"C"
45;48;39;0;0;"C"
45;49;34;0;0;"C"
45;50;41;0;0;"C"
45;51;39;0;0;"C"
45;52;40;1;0;"C"
45;53;37;1;0;"C"
45;54;40;1;0;"C"
45;55;42;1;0;"C"
45;56;40;1;0;"C"
45;57;38;0;0;"C"
45;58;41;1;0;"C"
45;59;42;1;0;"C"
45;60;40;1;0;"C"
45;1;34;0;1;"C"
45;2;39;0;1;"C"
45;3;37;0;1;"C"
45;4;39;0;1;"C"
45;5;38;0;1;"C"
45;6;37;0;1;"C"
45;7;37;0;1;"C"
45;8;36;0;1;"C"
45;9;36;0;1;"C"
45;10;39;1;1;"C"
45;11;38;0;1;"C"
45;12;42;0;1;"C"
45;13;40;0;1;"C"
45;14;43;1;1;"C"
45;15;43;1;1;"C"
45;16;38;1;1;"C"
45;17;39;1;1;"C"
45;18;40;0;1;"C"
45;19;39;1;1;"C"
45;20;40;0;1;"C"
45;21;49;0;1;"C"
45;22;43;0;1;"C"
45;23;41;1;1;"C"
45;24;46;0;1;"C"
45;25;43;0;1;"C"
45;26;46;0;1;"C"
45;27;40;0;1;"C"
45;28;42;0;1;"C"
45;29;44;1;1;"C"
45;30;42;0;1;"C"
45;31;38;0;1;"C"
45;32;41;0;1;"C"
45;33;43;0;1;"C"
45;34;33;0;1;"C"
45;35;40;0;1;"C"
45;36;35;0;1;"C"
45;37;38;0;1;"C"
45;38;41;1;1;"C"
45;39;38;1;1;"C"
45;40;40;1;1;"C"
45;41;41;1;1;"C"
45;42;43;0;1;"C"
45;43;32;0;1;"C"
45;44;38;1;1;"C"
45;45;39;1;1;"C"
45;46;39;1;1;"C"
45;47;40;1;1;"C"
45;48;41;1;1;"C"
45;49;35;0;1;"C"
45;50;36;0;1;"C"
45;51;39;0;1;"C"
45;52;34;0;1;"C"
45;53;38;0;1;"C"
45;54;34;1;1;"C"
45;55;37;1;1;"C"
45;56;43;0;1;"C"
45;57;39;1;1;"C"
45;58;41;0;1;"C"
45;59;42;0;1;"C"
45;60;40;1;1;"C"
