"Timestamp","Almost surely","I'm sure","Very likely","I strongly believe","Probably","Good chances","Maybe","Not sure","I doubt it","Unlikely","The chances are small","Almost no chance","Unbelievable"
"2026/10/04 5:39:49 pm EEST","95","100","95","99","80","80","50","65","20","10","5","5","1"
"2026/10/05 10:43:46 am EEST","70","80","80","90","60","85","50","49","25","20","35","30","5"
"2026/10/05 11:33:18 am EEST","90","70","70","80","60","60","50","40","30","5","30","10","0"
"2026/10/05 11:58:22 am EEST","99","99.5","95","100","65","75","50","25","15","10","10","0.1","1"
"2026/10/05 2:05:37 pm EEST","99","100","90","90","50","70","30","50","0","0","15","1","0"
"2026/10/05 7:01:22 pm EEST","95","99","80","80","80","75","60","50","40","3","10","2","1"
"2026/10/06 8:40:54 am EEST","95","80","90","70","65","75","50","50","40","15","20","5","10"
"2026/10/06 7:42:26 pm EEST","95","99","90","95","90","80","75","50","25","10","1","1","1"
"2026/10/07 2:21:52 pm EEST","80","90","70","95","80","70","60","50","20","30","20","5","1"
"2026/10/07 8:42:28 pm EEST","95","80","90","100","85","80","40","60","50","20","30","10","15"
"2026/10/08 12:29:59 am EEST","100","80","70","85","55","60","50","50","30","10","2","3","1"